class,idx
0,0251/1_01_s.jpg
0,0251/1_02_s.jpg
0,0251/1_03_s.jpg
0,0251/1_04_s.jpg
0,0251/2_01_s.jpg
0,0251/2_02_s.jpg
0,0251/2_03_s.jpg
0,0251/2_04_s.jpg
1,0252/2_04_s.jpg
1,0252/2_03_s.jpg
1,0252/2_01_s.jpg
1,0252/2_02_s.jpg
1,0252/1_03_s.jpg
1,0252/1_02_s.jpg
1,0252/1_01_s.jpg
1,0252/1_04_s.jpg
2,0253/1_01_s.jpg
2,0253/1_02_s.jpg
2,0253/1_03_s.jpg
2,0253/1_04_s.jpg
2,0253/2_01_s.jpg
2,0253/2_02_s.jpg
2,0253/2_03_s.jpg
2,0253/2_04_s.jpg
3,0254/2_03_s.jpg
3,0254/2_04_s.jpg
3,0254/2_01_s.jpg
3,0254/2_02_s.jpg
3,0254/1_03_s.jpg
3,0254/1_02_s.jpg
3,0254/1_01_s.jpg
3,0254/1_04_s.jpg
4,0255/1_01_s.jpg
4,0255/1_02_s.jpg
4,0255/1_03_s.jpg
4,0255/1_04_s.jpg
4,0255/2_01_s.jpg
4,0255/2_02_s.jpg
4,0255/2_03_s.jpg
4,0255/2_04_s.jpg
5,0256/2_04_s.jpg
5,0256/2_03_s.jpg
5,0256/2_02_s.jpg
5,0256/2_01_s.jpg
5,0256/1_04_s.jpg
5,0256/1_02_s.jpg
5,0256/1_01_s.jpg
5,0256/1_03_s.jpg
6,0257/1_01_s.jpg
6,0257/1_02_s.jpg
6,0257/1_03_s.jpg
6,0257/1_04_s.jpg
6,0257/2_01_s.jpg
6,0257/2_02_s.jpg
6,0257/2_03_s.jpg
6,0257/2_04_s.jpg
7,0258/2_03_s.jpg
7,0258/2_04_s.jpg
7,0258/2_01_s.jpg
7,0258/2_02_s.jpg
7,0258/1_03_s.jpg
7,0258/1_01_s.jpg
7,0258/1_04_s.jpg
7,0258/1_02_s.jpg
8,0259/1_01_s.jpg
8,0259/1_02_s.jpg
8,0259/1_03_s.jpg
8,0259/1_04_s.jpg
8,0259/2_01_s.jpg
8,0259/2_02_s.jpg
8,0259/2_03_s.jpg
8,0259/2_04_s.jpg
9,0260/2_02_s.jpg
9,0260/2_04_s.jpg
9,0260/2_03_s.jpg
9,0260/2_01_s.jpg
9,0260/1_04_s.jpg
9,0260/1_03_s.jpg
9,0260/1_02_s.jpg
9,0260/1_01_s.jpg
10,0261/1_01_s.jpg
10,0261/1_02_s.jpg
10,0261/1_03_s.jpg
10,0261/1_04_s.jpg
10,0261/2_01_s.jpg
10,0261/2_02_s.jpg
10,0261/2_03_s.jpg
10,0261/2_04_s.jpg
11,0262/2_03_s.jpg
11,0262/2_02_s.jpg
11,0262/2_01_s.jpg
11,0262/2_04_s.jpg
11,0262/1_04_s.jpg
11,0262/1_02_s.jpg
11,0262/1_01_s.jpg
11,0262/1_03_s.jpg
12,0263/1_01_s.jpg
12,0263/1_02_s.jpg
12,0263/1_03_s.jpg
12,0263/1_04_s.jpg
12,0263/2_01_s.jpg
12,0263/2_02_s.jpg
12,0263/2_03_s.jpg
12,0263/2_04_s.jpg
13,0264/2_04_s.jpg
13,0264/2_03_s.jpg
13,0264/2_02_s.jpg
13,0264/2_01_s.jpg
13,0264/1_04_s.jpg
13,0264/1_02_s.jpg
13,0264/1_01_s.jpg
13,0264/1_03_s.jpg
14,0265/1_01_s.jpg
14,0265/1_02_s.jpg
14,0265/1_03_s.jpg
14,0265/1_04_s.jpg
14,0265/2_01_s.jpg
14,0265/2_02_s.jpg
14,0265/2_03_s.jpg
14,0265/2_04_s.jpg
15,0266/2_03_s.jpg
15,0266/2_04_s.jpg
15,0266/2_01_s.jpg
15,0266/2_02_s.jpg
15,0266/1_03_s.jpg
15,0266/1_01_s.jpg
15,0266/1_04_s.jpg
15,0266/1_02_s.jpg
16,0267/1_01_s.jpg
16,0267/1_02_s.jpg
16,0267/1_03_s.jpg
16,0267/1_04_s.jpg
16,0267/2_01_s.jpg
16,0267/2_02_s.jpg
16,0267/2_03_s.jpg
16,0267/2_04_s.jpg
17,0268/2_02_s.jpg
17,0268/2_04_s.jpg
17,0268/2_03_s.jpg
17,0268/2_01_s.jpg
17,0268/1_04_s.jpg
17,0268/1_03_s.jpg
17,0268/1_02_s.jpg
17,0268/1_01_s.jpg
18,0269/1_01_s.jpg
18,0269/1_02_s.jpg
18,0269/1_03_s.jpg
18,0269/1_04_s.jpg
18,0269/2_01_s.jpg
18,0269/2_02_s.jpg
18,0269/2_03_s.jpg
18,0269/2_04_s.jpg
19,0270/2_03_s.jpg
19,0270/2_02_s.jpg
19,0270/2_04_s.jpg
19,0270/2_01_s.jpg
19,0270/1_04_s.jpg
19,0270/1_03_s.jpg
19,0270/1_02_s.jpg
19,0270/1_01_s.jpg
20,0271/1_01_s.jpg
20,0271/1_02_s.jpg
20,0271/1_03_s.jpg
20,0271/1_04_s.jpg
20,0271/2_01_s.jpg
20,0271/2_02_s.jpg
20,0271/2_03_s.jpg
20,0271/2_04_s.jpg
21,0272/2_04_s.jpg
21,0272/2_03_s.jpg
21,0272/2_02_s.jpg
21,0272/2_01_s.jpg
21,0272/1_03_s.jpg
21,0272/1_02_s.jpg
21,0272/1_01_s.jpg
21,0272/1_04_s.jpg
22,0273/1_01_s.jpg
22,0273/1_02_s.jpg
22,0273/1_03_s.jpg
22,0273/1_04_s.jpg
22,0273/2_01_s.jpg
22,0273/2_02_s.jpg
22,0273/2_03_s.jpg
22,0273/2_04_s.jpg
23,0274/2_01_s.jpg
23,0274/2_03_s.jpg
23,0274/2_02_s.jpg
23,0274/2_04_s.jpg
23,0274/1_04_s.jpg
23,0274/1_02_s.jpg
23,0274/1_03_s.jpg
23,0274/1_01_s.jpg
24,0275/1_01_s.jpg
24,0275/1_02_s.jpg
24,0275/1_03_s.jpg
24,0275/1_04_s.jpg
24,0275/2_01_s.jpg
24,0275/2_02_s.jpg
24,0275/2_03_s.jpg
24,0275/2_04_s.jpg
25,0276/2_01_s.jpg
25,0276/2_04_s.jpg
25,0276/2_03_s.jpg
25,0276/2_02_s.jpg
25,0276/1_04_s.jpg
25,0276/1_03_s.jpg
25,0276/1_02_s.jpg
25,0276/1_01_s.jpg
26,0277/1_01_s.jpg
26,0277/1_02_s.jpg
26,0277/1_03_s.jpg
26,0277/1_04_s.jpg
26,0277/2_01_s.jpg
26,0277/2_02_s.jpg
26,0277/2_03_s.jpg
26,0277/2_04_s.jpg
27,0278/2_03_s.jpg
27,0278/2_02_s.jpg
27,0278/2_04_s.jpg
27,0278/2_01_s.jpg
27,0278/1_03_s.jpg
27,0278/1_02_s.jpg
27,0278/1_01_s.jpg
27,0278/1_04_s.jpg
28,0279/1_01_s.jpg
28,0279/1_02_s.jpg
28,0279/1_03_s.jpg
28,0279/1_04_s.jpg
28,0279/2_01_s.jpg
28,0279/2_02_s.jpg
28,0279/2_03_s.jpg
28,0279/2_04_s.jpg
29,0280/2_04_s.jpg
29,0280/2_03_s.jpg
29,0280/2_02_s.jpg
29,0280/2_01_s.jpg
29,0280/1_04_s.jpg
29,0280/1_02_s.jpg
29,0280/1_01_s.jpg
29,0280/1_03_s.jpg
30,0281/1_01_s.jpg
30,0281/1_02_s.jpg
30,0281/1_03_s.jpg
30,0281/1_04_s.jpg
30,0281/2_01_s.jpg
30,0281/2_02_s.jpg
30,0281/2_03_s.jpg
30,0281/2_04_s.jpg
31,0282/2_02_s.jpg
31,0282/2_04_s.jpg
31,0282/2_03_s.jpg
31,0282/2_01_s.jpg
31,0282/1_02_s.jpg
31,0282/1_03_s.jpg
31,0282/1_04_s.jpg
31,0282/1_01_s.jpg
32,0283/1_01_s.jpg
32,0283/1_02_s.jpg
32,0283/1_03_s.jpg
32,0283/1_04_s.jpg
32,0283/2_01_s.jpg
32,0283/2_02_s.jpg
32,0283/2_03_s.jpg
32,0283/2_04_s.jpg
33,0284/2_04_s.jpg
33,0284/2_03_s.jpg
33,0284/2_02_s.jpg
33,0284/2_01_s.jpg
33,0284/1_03_s.jpg
33,0284/1_02_s.jpg
33,0284/1_01_s.jpg
33,0284/1_04_s.jpg
34,0285/1_01_s.jpg
34,0285/1_02_s.jpg
34,0285/1_03_s.jpg
34,0285/1_04_s.jpg
34,0285/2_01_s.jpg
34,0285/2_02_s.jpg
34,0285/2_03_s.jpg
34,0285/2_04_s.jpg
35,0286/2_02_s.jpg
35,0286/2_04_s.jpg
35,0286/2_03_s.jpg
35,0286/2_01_s.jpg
35,0286/1_04_s.jpg
35,0286/1_03_s.jpg
35,0286/1_02_s.jpg
35,0286/1_01_s.jpg
36,0287/1_01_s.jpg
36,0287/1_02_s.jpg
36,0287/1_03_s.jpg
36,0287/1_04_s.jpg
36,0287/2_01_s.jpg
36,0287/2_02_s.jpg
36,0287/2_03_s.jpg
36,0287/2_04_s.jpg
37,0288/2_04_s.jpg
37,0288/2_03_s.jpg
37,0288/2_02_s.jpg
37,0288/2_01_s.jpg
37,0288/1_04_s.jpg
37,0288/1_03_s.jpg
37,0288/1_02_s.jpg
37,0288/1_01_s.jpg
38,0289/1_01_s.jpg
38,0289/1_02_s.jpg
38,0289/1_03_s.jpg
38,0289/1_04_s.jpg
38,0289/2_01_s.jpg
38,0289/2_02_s.jpg
38,0289/2_03_s.jpg
38,0289/2_04_s.jpg
39,0290/2_04_s.jpg
39,0290/2_03_s.jpg
39,0290/2_02_s.jpg
39,0290/2_01_s.jpg
39,0290/1_04_s.jpg
39,0290/1_03_s.jpg
39,0290/1_02_s.jpg
39,0290/1_01_s.jpg
40,0291/1_01_s.jpg
40,0291/1_02_s.jpg
40,0291/1_03_s.jpg
40,0291/1_04_s.jpg
40,0291/2_01_s.jpg
40,0291/2_02_s.jpg
40,0291/2_03_s.jpg
40,0291/2_04_s.jpg
41,0292/2_04_s.jpg
41,0292/2_03_s.jpg
41,0292/2_02_s.jpg
41,0292/2_01_s.jpg
41,0292/1_04_s.jpg
41,0292/1_03_s.jpg
41,0292/1_02_s.jpg
41,0292/1_01_s.jpg
42,0293/1_01_s.jpg
42,0293/1_02_s.jpg
42,0293/1_03_s.jpg
42,0293/1_04_s.jpg
42,0293/2_01_s.jpg
42,0293/2_02_s.jpg
42,0293/2_03_s.jpg
42,0293/2_04_s.jpg
43,0294/2_04_s.jpg
43,0294/2_03_s.jpg
43,0294/2_02_s.jpg
43,0294/1_04_s.jpg
43,0294/1_03_s.jpg
43,0294/1_02_s.jpg
43,0294/1_01_s.jpg
43,0294/2_01_s.jpg
44,0295/2_04_s.jpg
44,0295/1_01_s.jpg
44,0295/1_02_s.jpg
44,0295/1_03_s.jpg
44,0295/1_04_s.jpg
44,0295/2_01_s.jpg
44,0295/2_02_s.jpg
44,0295/2_03_s.jpg
45,0296/2_04_s.jpg
45,0296/2_03_s.jpg
45,0296/2_02_s.jpg
45,0296/2_01_s.jpg
45,0296/1_03_s.jpg
45,0296/1_02_s.jpg
45,0296/1_01_s.jpg
45,0296/1_04_s.jpg
46,0297/2_02_s.jpg
46,0297/2_03_s.jpg
46,0297/2_01_s.jpg
46,0297/2_04_s.jpg
46,0297/1_03_s.jpg
46,0297/1_02_s.jpg
46,0297/1_01_s.jpg
46,0297/1_04_s.jpg
47,0298/2_03_s.jpg
47,0298/2_02_s.jpg
47,0298/2_04_s.jpg
47,0298/2_01_s.jpg
47,0298/1_01_s.jpg
47,0298/1_03_s.jpg
47,0298/1_02_s.jpg
47,0298/1_04_s.jpg
48,0299/1_01_s.jpg
48,0299/1_02_s.jpg
48,0299/1_03_s.jpg
48,0299/1_04_s.jpg
48,0299/2_01_s.jpg
48,0299/2_02_s.jpg
48,0299/2_03_s.jpg
48,0299/2_04_s.jpg
49,0300/2_04_s.jpg
49,0300/2_03_s.jpg
49,0300/2_02_s.jpg
49,0300/2_01_s.jpg
49,0300/1_04_s.jpg
49,0300/1_03_s.jpg
49,0300/1_02_s.jpg
49,0300/1_01_s.jpg
50,0301/1_01_s.jpg
50,0301/1_02_s.jpg
50,0301/1_03_s.jpg
50,0301/1_04_s.jpg
50,0301/2_01_s.jpg
50,0301/2_02_s.jpg
50,0301/2_03_s.jpg
50,0301/2_04_s.jpg
51,0302/2_04_s.jpg
51,0302/2_03_s.jpg
51,0302/2_02_s.jpg
51,0302/2_01_s.jpg
51,0302/1_03_s.jpg
51,0302/1_02_s.jpg
51,0302/1_01_s.jpg
51,0302/1_04_s.jpg
52,0303/1_01_s.jpg
52,0303/1_02_s.jpg
52,0303/1_03_s.jpg
52,0303/1_04_s.jpg
52,0303/2_01_s.jpg
52,0303/2_02_s.jpg
52,0303/2_03_s.jpg
52,0303/2_04_s.jpg
53,0304/1_04_s.jpg
53,0304/2_04_s.jpg
53,0304/2_03_s.jpg
53,0304/2_02_s.jpg
53,0304/1_03_s.jpg
53,0304/1_02_s.jpg
53,0304/1_01_s.jpg
53,0304/2_01_s.jpg
54,0305/2_04_s.jpg
54,0305/1_01_s.jpg
54,0305/1_02_s.jpg
54,0305/1_03_s.jpg
54,0305/1_04_s.jpg
54,0305/2_01_s.jpg
54,0305/2_02_s.jpg
54,0305/2_03_s.jpg
55,0306/2_03_s.jpg
55,0306/2_02_s.jpg
55,0306/2_04_s.jpg
55,0306/2_01_s.jpg
55,0306/1_01_s.jpg
55,0306/1_03_s.jpg
55,0306/1_02_s.jpg
55,0306/1_04_s.jpg
56,0307/1_01_s.jpg
56,0307/1_02_s.jpg
56,0307/1_03_s.jpg
56,0307/1_04_s.jpg
56,0307/2_01_s.jpg
56,0307/2_02_s.jpg
56,0307/2_03_s.jpg
56,0307/2_04_s.jpg
57,0308/2_04_s.jpg
57,0308/2_03_s.jpg
57,0308/2_02_s.jpg
57,0308/2_01_s.jpg
57,0308/1_03_s.jpg
57,0308/1_02_s.jpg
57,0308/1_01_s.jpg
57,0308/1_04_s.jpg
58,0309/1_01_s.jpg
58,0309/1_02_s.jpg
58,0309/1_03_s.jpg
58,0309/1_04_s.jpg
58,0309/2_01_s.jpg
58,0309/2_02_s.jpg
58,0309/2_03_s.jpg
58,0309/2_04_s.jpg
59,0310/2_02_s.jpg
59,0310/2_04_s.jpg
59,0310/2_03_s.jpg
59,0310/2_01_s.jpg
59,0310/1_01_s.jpg
59,0310/1_03_s.jpg
59,0310/1_02_s.jpg
59,0310/1_04_s.jpg
60,0311/1_01_s.jpg
60,0311/1_02_s.jpg
60,0311/1_03_s.jpg
60,0311/1_04_s.jpg
60,0311/2_01_s.jpg
60,0311/2_02_s.jpg
60,0311/2_03_s.jpg
60,0311/2_04_s.jpg
61,0312/2_04_s.jpg
61,0312/2_03_s.jpg
61,0312/2_02_s.jpg
61,0312/2_01_s.jpg
61,0312/1_01_s.jpg
61,0312/1_03_s.jpg
61,0312/1_02_s.jpg
61,0312/1_04_s.jpg
62,0313/2_02_s.jpg
62,0313/2_04_s.jpg
62,0313/2_03_s.jpg
62,0313/2_01_s.jpg
62,0313/1_02_s.jpg
62,0313/1_03_s.jpg
62,0313/1_01_s.jpg
62,0313/1_04_s.jpg
63,0314/1_01_s.jpg
63,0314/1_02_s.jpg
63,0314/1_03_s.jpg
63,0314/1_04_s.jpg
63,0314/2_01_s.jpg
63,0314/2_02_s.jpg
63,0314/2_03_s.jpg
63,0314/2_04_s.jpg
64,0315/2_04_s.jpg
64,0315/2_03_s.jpg
64,0315/2_01_s.jpg
64,0315/2_02_s.jpg
64,0315/1_03_s.jpg
64,0315/1_02_s.jpg
64,0315/1_01_s.jpg
64,0315/1_04_s.jpg
65,0316/1_01_s.jpg
65,0316/1_02_s.jpg
65,0316/1_03_s.jpg
65,0316/1_04_s.jpg
65,0316/2_01_s.jpg
65,0316/2_02_s.jpg
65,0316/2_03_s.jpg
65,0316/2_04_s.jpg
66,0317/2_03_s.jpg
66,0317/2_04_s.jpg
66,0317/2_01_s.jpg
66,0317/2_02_s.jpg
66,0317/1_03_s.jpg
66,0317/1_02_s.jpg
66,0317/1_01_s.jpg
66,0317/1_04_s.jpg
67,0318/1_01_s.jpg
67,0318/1_02_s.jpg
67,0318/1_03_s.jpg
67,0318/1_04_s.jpg
67,0318/2_01_s.jpg
67,0318/2_02_s.jpg
67,0318/2_03_s.jpg
67,0318/2_04_s.jpg
68,0319/2_04_s.jpg
68,0319/2_03_s.jpg
68,0319/2_02_s.jpg
68,0319/2_01_s.jpg
68,0319/1_04_s.jpg
68,0319/1_02_s.jpg
68,0319/1_01_s.jpg
68,0319/1_03_s.jpg
69,0320/1_01_s.jpg
69,0320/1_02_s.jpg
69,0320/1_03_s.jpg
69,0320/1_04_s.jpg
69,0320/2_01_s.jpg
69,0320/2_02_s.jpg
69,0320/2_03_s.jpg
69,0320/2_04_s.jpg
70,0321/2_03_s.jpg
70,0321/2_04_s.jpg
70,0321/2_01_s.jpg
70,0321/2_02_s.jpg
70,0321/1_03_s.jpg
70,0321/1_01_s.jpg
70,0321/1_04_s.jpg
70,0321/1_02_s.jpg
71,0322/1_01_s.jpg
71,0322/1_02_s.jpg
71,0322/1_03_s.jpg
71,0322/1_04_s.jpg
71,0322/2_01_s.jpg
71,0322/2_02_s.jpg
71,0322/2_03_s.jpg
71,0322/2_04_s.jpg
72,0323/2_02_s.jpg
72,0323/2_04_s.jpg
72,0323/2_03_s.jpg
72,0323/2_01_s.jpg
72,0323/1_04_s.jpg
72,0323/1_03_s.jpg
72,0323/1_02_s.jpg
72,0323/1_01_s.jpg
73,0324/1_01_s.jpg
73,0324/1_02_s.jpg
73,0324/1_03_s.jpg
73,0324/1_04_s.jpg
73,0324/2_01_s.jpg
73,0324/2_02_s.jpg
73,0324/2_03_s.jpg
73,0324/2_04_s.jpg
74,0325/2_03_s.jpg
74,0325/2_02_s.jpg
74,0325/2_01_s.jpg
74,0325/2_04_s.jpg
74,0325/1_04_s.jpg
74,0325/1_02_s.jpg
74,0325/1_01_s.jpg
74,0325/1_03_s.jpg
75,0326/1_01_s.jpg
75,0326/1_02_s.jpg
75,0326/1_03_s.jpg
75,0326/1_04_s.jpg
75,0326/2_01_s.jpg
75,0326/2_02_s.jpg
75,0326/2_03_s.jpg
75,0326/2_04_s.jpg
76,0327/2_04_s.jpg
76,0327/2_03_s.jpg
76,0327/2_02_s.jpg
76,0327/2_01_s.jpg
76,0327/1_03_s.jpg
76,0327/1_02_s.jpg
76,0327/1_01_s.jpg
76,0327/1_04_s.jpg
77,0328/1_01_s.jpg
77,0328/1_02_s.jpg
77,0328/1_03_s.jpg
77,0328/1_04_s.jpg
77,0328/2_01_s.jpg
77,0328/2_02_s.jpg
77,0328/2_03_s.jpg
77,0328/2_04_s.jpg
78,0329/2_02_s.jpg
78,0329/2_04_s.jpg
78,0329/2_03_s.jpg
78,0329/2_01_s.jpg
78,0329/1_02_s.jpg
78,0329/1_03_s.jpg
78,0329/1_04_s.jpg
78,0329/1_01_s.jpg
79,0330/1_01_s.jpg
79,0330/1_02_s.jpg
79,0330/1_03_s.jpg
79,0330/1_04_s.jpg
79,0330/2_01_s.jpg
79,0330/2_02_s.jpg
79,0330/2_03_s.jpg
79,0330/2_04_s.jpg
80,0331/2_04_s.jpg
80,0331/2_03_s.jpg
80,0331/2_01_s.jpg
80,0331/2_02_s.jpg
80,0331/1_03_s.jpg
80,0331/1_02_s.jpg
80,0331/1_01_s.jpg
80,0331/1_04_s.jpg
81,0332/1_01_s.jpg
81,0332/1_02_s.jpg
81,0332/1_03_s.jpg
81,0332/1_04_s.jpg
81,0332/2_01_s.jpg
81,0332/2_02_s.jpg
81,0332/2_03_s.jpg
81,0332/2_04_s.jpg
82,0333/2_03_s.jpg
82,0333/2_04_s.jpg
82,0333/2_01_s.jpg
82,0333/2_02_s.jpg
82,0333/1_03_s.jpg
82,0333/1_02_s.jpg
82,0333/1_01_s.jpg
82,0333/1_04_s.jpg
83,0334/1_01_s.jpg
83,0334/1_02_s.jpg
83,0334/1_03_s.jpg
83,0334/1_04_s.jpg
83,0334/2_01_s.jpg
83,0334/2_02_s.jpg
83,0334/2_03_s.jpg
83,0334/2_04_s.jpg
84,0335/2_04_s.jpg
84,0335/2_03_s.jpg
84,0335/2_02_s.jpg
84,0335/2_01_s.jpg
84,0335/1_04_s.jpg
84,0335/1_02_s.jpg
84,0335/1_01_s.jpg
84,0335/1_03_s.jpg
85,0336/1_01_s.jpg
85,0336/1_02_s.jpg
85,0336/1_03_s.jpg
85,0336/1_04_s.jpg
85,0336/2_01_s.jpg
85,0336/2_02_s.jpg
85,0336/2_03_s.jpg
85,0336/2_04_s.jpg
86,0337/2_02_s.jpg
86,0337/2_04_s.jpg
86,0337/2_03_s.jpg
86,0337/2_01_s.jpg
86,0337/1_02_s.jpg
86,0337/1_03_s.jpg
86,0337/1_04_s.jpg
86,0337/1_01_s.jpg
87,0338/1_01_s.jpg
87,0338/1_02_s.jpg
87,0338/1_03_s.jpg
87,0338/1_04_s.jpg
87,0338/2_01_s.jpg
87,0338/2_02_s.jpg
87,0338/2_03_s.jpg
87,0338/2_04_s.jpg
88,0339/2_04_s.jpg
88,0339/2_03_s.jpg
88,0339/2_01_s.jpg
88,0339/2_02_s.jpg
88,0339/1_03_s.jpg
88,0339/1_02_s.jpg
88,0339/1_01_s.jpg
88,0339/1_04_s.jpg
89,0340/1_01_s.jpg
89,0340/1_02_s.jpg
89,0340/1_03_s.jpg
89,0340/1_04_s.jpg
89,0340/2_01_s.jpg
89,0340/2_02_s.jpg
89,0340/2_03_s.jpg
89,0340/2_04_s.jpg
90,0341/2_02_s.jpg
90,0341/2_04_s.jpg
90,0341/2_03_s.jpg
90,0341/2_01_s.jpg
90,0341/1_02_s.jpg
90,0341/1_03_s.jpg
90,0341/1_04_s.jpg
90,0341/1_01_s.jpg
91,0342/1_01_s.jpg
91,0342/1_02_s.jpg
91,0342/1_03_s.jpg
91,0342/1_04_s.jpg
91,0342/2_01_s.jpg
91,0342/2_02_s.jpg
91,0342/2_03_s.jpg
91,0342/2_04_s.jpg
92,0343/2_04_s.jpg
92,0343/2_03_s.jpg
92,0343/2_02_s.jpg
92,0343/2_01_s.jpg
92,0343/1_02_s.jpg
92,0343/1_03_s.jpg
92,0343/1_04_s.jpg
92,0343/1_01_s.jpg
93,0344/2_01_s.jpg
93,0344/2_04_s.jpg
93,0344/2_03_s.jpg
93,0344/2_02_s.jpg
93,0344/1_04_s.jpg
93,0344/1_02_s.jpg
93,0344/1_01_s.jpg
93,0344/1_03_s.jpg
94,0345/2_03_s.jpg
94,0345/2_02_s.jpg
94,0345/2_01_s.jpg
94,0345/2_04_s.jpg
94,0345/1_03_s.jpg
94,0345/1_02_s.jpg
94,0345/1_01_s.jpg
94,0345/1_04_s.jpg
95,0346/1_01_s.jpg
95,0346/1_02_s.jpg
95,0346/1_03_s.jpg
95,0346/1_04_s.jpg
95,0346/2_01_s.jpg
95,0346/2_02_s.jpg
95,0346/2_03_s.jpg
95,0346/2_04_s.jpg
96,0347/2_02_s.jpg
96,0347/2_03_s.jpg
96,0347/2_01_s.jpg
96,0347/2_04_s.jpg
96,0347/1_03_s.jpg
96,0347/1_02_s.jpg
96,0347/1_01_s.jpg
96,0347/1_04_s.jpg
97,0348/1_01_s.jpg
97,0348/1_02_s.jpg
97,0348/1_03_s.jpg
97,0348/1_04_s.jpg
97,0348/2_01_s.jpg
97,0348/2_02_s.jpg
97,0348/2_03_s.jpg
97,0348/2_04_s.jpg
98,0349/2_04_s.jpg
98,0349/2_03_s.jpg
98,0349/2_02_s.jpg
98,0349/2_01_s.jpg
98,0349/1_04_s.jpg
98,0349/1_02_s.jpg
98,0349/1_01_s.jpg
98,0349/1_03_s.jpg
99,0350/1_01_s.jpg
99,0350/1_02_s.jpg
99,0350/1_03_s.jpg
99,0350/1_04_s.jpg
99,0350/2_01_s.jpg
99,0350/2_02_s.jpg
99,0350/2_03_s.jpg
99,0350/2_04_s.jpg
100,0351/2_02_s.jpg
100,0351/2_03_s.jpg
100,0351/2_01_s.jpg
100,0351/2_04_s.jpg
100,0351/1_03_s.jpg
100,0351/1_01_s.jpg
100,0351/1_04_s.jpg
100,0351/1_02_s.jpg
101,0352/1_01_s.jpg
101,0352/1_02_s.jpg
101,0352/1_03_s.jpg
101,0352/1_04_s.jpg
101,0352/2_01_s.jpg
101,0352/2_02_s.jpg
101,0352/2_03_s.jpg
101,0352/2_04_s.jpg
102,0353/2_02_s.jpg
102,0353/2_04_s.jpg
102,0353/2_03_s.jpg
102,0353/2_01_s.jpg
102,0353/1_04_s.jpg
102,0353/1_03_s.jpg
102,0353/1_02_s.jpg
102,0353/1_01_s.jpg
103,0354/1_01_s.jpg
103,0354/1_02_s.jpg
103,0354/1_03_s.jpg
103,0354/1_04_s.jpg
103,0354/2_01_s.jpg
103,0354/2_02_s.jpg
103,0354/2_03_s.jpg
103,0354/2_04_s.jpg
104,0355/2_03_s.jpg
104,0355/2_02_s.jpg
104,0355/2_01_s.jpg
104,0355/2_04_s.jpg
104,0355/1_04_s.jpg
104,0355/1_02_s.jpg
104,0355/1_01_s.jpg
104,0355/1_03_s.jpg
105,0356/1_01_s.jpg
105,0356/1_02_s.jpg
105,0356/1_03_s.jpg
105,0356/1_04_s.jpg
105,0356/2_01_s.jpg
105,0356/2_02_s.jpg
105,0356/2_03_s.jpg
105,0356/2_04_s.jpg
106,0357/2_04_s.jpg
106,0357/2_03_s.jpg
106,0357/2_02_s.jpg
106,0357/2_01_s.jpg
106,0357/1_04_s.jpg
106,0357/1_02_s.jpg
106,0357/1_01_s.jpg
106,0357/1_03_s.jpg
107,0358/1_01_s.jpg
107,0358/1_02_s.jpg
107,0358/1_03_s.jpg
107,0358/1_04_s.jpg
107,0358/2_01_s.jpg
107,0358/2_02_s.jpg
107,0358/2_03_s.jpg
107,0358/2_04_s.jpg
108,0359/2_02_s.jpg
108,0359/2_03_s.jpg
108,0359/2_01_s.jpg
108,0359/2_04_s.jpg
108,0359/1_03_s.jpg
108,0359/1_01_s.jpg
108,0359/1_04_s.jpg
108,0359/1_02_s.jpg
109,0360/1_01_s.jpg
109,0360/1_02_s.jpg
109,0360/1_03_s.jpg
109,0360/1_04_s.jpg
109,0360/2_01_s.jpg
109,0360/2_02_s.jpg
109,0360/2_03_s.jpg
109,0360/2_04_s.jpg
110,0361/2_02_s.jpg
110,0361/2_04_s.jpg
110,0361/2_03_s.jpg
110,0361/2_01_s.jpg
110,0361/1_04_s.jpg
110,0361/1_03_s.jpg
110,0361/1_02_s.jpg
110,0361/1_01_s.jpg
111,0362/1_01_s.jpg
111,0362/1_02_s.jpg
111,0362/1_03_s.jpg
111,0362/1_04_s.jpg
111,0362/2_01_s.jpg
111,0362/2_02_s.jpg
111,0362/2_03_s.jpg
111,0362/2_04_s.jpg
112,0363/2_03_s.jpg
112,0363/2_02_s.jpg
112,0363/2_04_s.jpg
112,0363/2_01_s.jpg
112,0363/1_04_s.jpg
112,0363/1_03_s.jpg
112,0363/1_02_s.jpg
112,0363/1_01_s.jpg
113,0364/1_01_s.jpg
113,0364/1_02_s.jpg
113,0364/1_03_s.jpg
113,0364/1_04_s.jpg
113,0364/2_01_s.jpg
113,0364/2_02_s.jpg
113,0364/2_03_s.jpg
113,0364/2_04_s.jpg
114,0365/2_04_s.jpg
114,0365/2_03_s.jpg
114,0365/2_02_s.jpg
114,0365/2_01_s.jpg
114,0365/1_03_s.jpg
114,0365/1_02_s.jpg
114,0365/1_01_s.jpg
114,0365/1_04_s.jpg
115,0366/1_01_s.jpg
115,0366/1_02_s.jpg
115,0366/1_03_s.jpg
115,0366/1_04_s.jpg
115,0366/2_01_s.jpg
115,0366/2_02_s.jpg
115,0366/2_03_s.jpg
115,0366/2_04_s.jpg
116,0367/2_01_s.jpg
116,0367/2_03_s.jpg
116,0367/2_02_s.jpg
116,0367/2_04_s.jpg
116,0367/1_04_s.jpg
116,0367/1_02_s.jpg
116,0367/1_03_s.jpg
116,0367/1_01_s.jpg
117,0368/1_01_s.jpg
117,0368/1_02_s.jpg
117,0368/1_03_s.jpg
117,0368/1_04_s.jpg
117,0368/2_01_s.jpg
117,0368/2_02_s.jpg
117,0368/2_03_s.jpg
117,0368/2_04_s.jpg
118,0369/2_02_s.jpg
118,0369/2_04_s.jpg
118,0369/2_03_s.jpg
118,0369/2_01_s.jpg
118,0369/1_03_s.jpg
118,0369/1_02_s.jpg
118,0369/1_01_s.jpg
118,0369/1_04_s.jpg
119,0370/1_01_s.jpg
119,0370/1_02_s.jpg
119,0370/1_03_s.jpg
119,0370/1_04_s.jpg
119,0370/2_01_s.jpg
119,0370/2_02_s.jpg
119,0370/2_03_s.jpg
119,0370/2_04_s.jpg
120,0371/2_01_s.jpg
120,0371/2_03_s.jpg
120,0371/2_02_s.jpg
120,0371/2_04_s.jpg
120,0371/1_04_s.jpg
120,0371/1_02_s.jpg
120,0371/1_01_s.jpg
120,0371/1_03_s.jpg
121,0372/1_01_s.jpg
121,0372/1_02_s.jpg
121,0372/1_03_s.jpg
121,0372/1_04_s.jpg
121,0372/2_01_s.jpg
121,0372/2_02_s.jpg
121,0372/2_03_s.jpg
121,0372/2_04_s.jpg
122,0373/2_04_s.jpg
122,0373/2_03_s.jpg
122,0373/2_02_s.jpg
122,0373/2_01_s.jpg
122,0373/1_04_s.jpg
122,0373/1_02_s.jpg
122,0373/1_01_s.jpg
122,0373/1_03_s.jpg
123,0374/1_01_s.jpg
123,0374/1_02_s.jpg
123,0374/1_03_s.jpg
123,0374/1_04_s.jpg
123,0374/2_01_s.jpg
123,0374/2_02_s.jpg
123,0374/2_03_s.jpg
123,0374/2_04_s.jpg
124,0375/2_02_s.jpg
124,0375/2_03_s.jpg
124,0375/2_01_s.jpg
124,0375/2_04_s.jpg
124,0375/1_03_s.jpg
124,0375/1_02_s.jpg
124,0375/1_01_s.jpg
124,0375/1_04_s.jpg
125,0376/2_03_s.jpg
125,0376/2_02_s.jpg
125,0376/2_01_s.jpg
125,0376/2_04_s.jpg
125,0376/1_03_s.jpg
125,0376/1_02_s.jpg
125,0376/1_01_s.jpg
125,0376/1_04_s.jpg
126,0377/1_01_s.jpg
126,0377/1_02_s.jpg
126,0377/1_03_s.jpg
126,0377/1_04_s.jpg
126,0377/2_01_s.jpg
126,0377/2_02_s.jpg
126,0377/2_03_s.jpg
126,0377/2_04_s.jpg
127,0378/2_02_s.jpg
127,0378/2_03_s.jpg
127,0378/2_01_s.jpg
127,0378/2_04_s.jpg
127,0378/1_03_s.jpg
127,0378/1_02_s.jpg
127,0378/1_01_s.jpg
127,0378/1_04_s.jpg
128,0379/1_01_s.jpg
128,0379/1_02_s.jpg
128,0379/1_03_s.jpg
128,0379/1_04_s.jpg
128,0379/2_01_s.jpg
128,0379/2_02_s.jpg
128,0379/2_03_s.jpg
128,0379/2_04_s.jpg
129,0380/2_04_s.jpg
129,0380/2_03_s.jpg
129,0380/2_02_s.jpg
129,0380/2_01_s.jpg
129,0380/1_04_s.jpg
129,0380/1_02_s.jpg
129,0380/1_01_s.jpg
129,0380/1_03_s.jpg
130,0381/1_01_s.jpg
130,0381/1_02_s.jpg
130,0381/1_03_s.jpg
130,0381/1_04_s.jpg
130,0381/2_01_s.jpg
130,0381/2_02_s.jpg
130,0381/2_03_s.jpg
130,0381/2_04_s.jpg
131,0382/2_02_s.jpg
131,0382/2_03_s.jpg
131,0382/2_01_s.jpg
131,0382/2_04_s.jpg
131,0382/1_03_s.jpg
131,0382/1_01_s.jpg
131,0382/1_04_s.jpg
131,0382/1_02_s.jpg
132,0383/1_01_s.jpg
132,0383/1_02_s.jpg
132,0383/1_03_s.jpg
132,0383/1_04_s.jpg
132,0383/2_01_s.jpg
132,0383/2_02_s.jpg
132,0383/2_03_s.jpg
132,0383/2_04_s.jpg
133,0384/2_02_s.jpg
133,0384/2_04_s.jpg
133,0384/2_03_s.jpg
133,0384/2_01_s.jpg
133,0384/1_04_s.jpg
133,0384/1_03_s.jpg
133,0384/1_02_s.jpg
133,0384/1_01_s.jpg
134,0385/1_01_s.jpg
134,0385/1_02_s.jpg
134,0385/1_03_s.jpg
134,0385/1_04_s.jpg
134,0385/2_01_s.jpg
134,0385/2_02_s.jpg
134,0385/2_03_s.jpg
134,0385/2_04_s.jpg
135,0386/2_03_s.jpg
135,0386/2_02_s.jpg
135,0386/2_01_s.jpg
135,0386/2_04_s.jpg
135,0386/1_04_s.jpg
135,0386/1_02_s.jpg
135,0386/1_01_s.jpg
135,0386/1_03_s.jpg
136,0387/1_01_s.jpg
136,0387/1_02_s.jpg
136,0387/1_03_s.jpg
136,0387/1_04_s.jpg
136,0387/2_01_s.jpg
136,0387/2_02_s.jpg
136,0387/2_03_s.jpg
136,0387/2_04_s.jpg
137,0388/2_04_s.jpg
137,0388/2_03_s.jpg
137,0388/2_02_s.jpg
137,0388/2_01_s.jpg
137,0388/1_04_s.jpg
137,0388/1_02_s.jpg
137,0388/1_01_s.jpg
137,0388/1_03_s.jpg
138,0389/1_01_s.jpg
138,0389/1_02_s.jpg
138,0389/1_03_s.jpg
138,0389/1_04_s.jpg
138,0389/2_01_s.jpg
138,0389/2_02_s.jpg
138,0389/2_03_s.jpg
138,0389/2_04_s.jpg
139,0390/2_02_s.jpg
139,0390/2_03_s.jpg
139,0390/2_01_s.jpg
139,0390/2_04_s.jpg
139,0390/1_03_s.jpg
139,0390/1_01_s.jpg
139,0390/1_04_s.jpg
139,0390/1_02_s.jpg
140,0391/1_01_s.jpg
140,0391/1_02_s.jpg
140,0391/1_03_s.jpg
140,0391/1_04_s.jpg
140,0391/2_01_s.jpg
140,0391/2_02_s.jpg
140,0391/2_03_s.jpg
140,0391/2_04_s.jpg
141,0392/2_02_s.jpg
141,0392/2_04_s.jpg
141,0392/2_03_s.jpg
141,0392/2_01_s.jpg
141,0392/1_04_s.jpg
141,0392/1_03_s.jpg
141,0392/1_02_s.jpg
141,0392/1_01_s.jpg
142,0393/1_01_s.jpg
142,0393/1_02_s.jpg
142,0393/1_03_s.jpg
142,0393/1_04_s.jpg
142,0393/2_01_s.jpg
142,0393/2_02_s.jpg
142,0393/2_03_s.jpg
142,0393/2_04_s.jpg
143,0394/2_03_s.jpg
143,0394/2_02_s.jpg
143,0394/2_04_s.jpg
143,0394/2_01_s.jpg
143,0394/1_04_s.jpg
143,0394/1_03_s.jpg
143,0394/1_02_s.jpg
143,0394/1_01_s.jpg
144,0395/1_01_s.jpg
144,0395/1_02_s.jpg
144,0395/1_03_s.jpg
144,0395/1_04_s.jpg
144,0395/2_01_s.jpg
144,0395/2_02_s.jpg
144,0395/2_03_s.jpg
144,0395/2_04_s.jpg
145,0396/2_04_s.jpg
145,0396/2_03_s.jpg
145,0396/2_02_s.jpg
145,0396/2_01_s.jpg
145,0396/1_03_s.jpg
145,0396/1_02_s.jpg
145,0396/1_01_s.jpg
145,0396/1_04_s.jpg
146,0397/1_01_s.jpg
146,0397/1_02_s.jpg
146,0397/1_03_s.jpg
146,0397/1_04_s.jpg
146,0397/2_01_s.jpg
146,0397/2_02_s.jpg
146,0397/2_03_s.jpg
146,0397/2_04_s.jpg
147,0398/2_01_s.jpg
147,0398/2_03_s.jpg
147,0398/2_02_s.jpg
147,0398/2_04_s.jpg
147,0398/1_04_s.jpg
147,0398/1_02_s.jpg
147,0398/1_03_s.jpg
147,0398/1_01_s.jpg
148,0399/1_01_s.jpg
148,0399/1_02_s.jpg
148,0399/1_03_s.jpg
148,0399/1_04_s.jpg
148,0399/2_01_s.jpg
148,0399/2_02_s.jpg
148,0399/2_03_s.jpg
148,0399/2_04_s.jpg
149,0400/2_02_s.jpg
149,0400/2_04_s.jpg
149,0400/2_03_s.jpg
149,0400/2_01_s.jpg
149,0400/1_03_s.jpg
149,0400/1_02_s.jpg
149,0400/1_01_s.jpg
149,0400/1_04_s.jpg
150,0401/1_01_s.jpg
150,0401/1_02_s.jpg
150,0401/1_03_s.jpg
150,0401/1_04_s.jpg
150,0401/2_01_s.jpg
150,0401/2_02_s.jpg
150,0401/2_03_s.jpg
150,0401/2_04_s.jpg
151,0402/2_01_s.jpg
151,0402/2_03_s.jpg
151,0402/2_02_s.jpg
151,0402/2_04_s.jpg
151,0402/1_04_s.jpg
151,0402/1_02_s.jpg
151,0402/1_01_s.jpg
151,0402/1_03_s.jpg
152,0403/1_01_s.jpg
152,0403/1_02_s.jpg
152,0403/1_03_s.jpg
152,0403/1_04_s.jpg
152,0403/2_01_s.jpg
152,0403/2_02_s.jpg
152,0403/2_03_s.jpg
152,0403/2_04_s.jpg
153,0404/2_04_s.jpg
153,0404/2_03_s.jpg
153,0404/2_02_s.jpg
153,0404/2_01_s.jpg
153,0404/1_04_s.jpg
153,0404/1_02_s.jpg
153,0404/1_01_s.jpg
153,0404/1_03_s.jpg
154,0405/1_01_s.jpg
154,0405/1_02_s.jpg
154,0405/1_03_s.jpg
154,0405/1_04_s.jpg
154,0405/2_01_s.jpg
154,0405/2_02_s.jpg
154,0405/2_03_s.jpg
154,0405/2_04_s.jpg
155,0406/2_02_s.jpg
155,0406/2_03_s.jpg
155,0406/2_01_s.jpg
155,0406/2_04_s.jpg
155,0406/1_03_s.jpg
155,0406/1_01_s.jpg
155,0406/1_04_s.jpg
155,0406/1_02_s.jpg
156,0407/1_01_s.jpg
156,0407/1_02_s.jpg
156,0407/1_03_s.jpg
156,0407/1_04_s.jpg
156,0407/2_01_s.jpg
156,0407/2_02_s.jpg
156,0407/2_03_s.jpg
156,0407/2_04_s.jpg
157,0408/2_02_s.jpg
157,0408/2_04_s.jpg
157,0408/2_03_s.jpg
157,0408/2_01_s.jpg
157,0408/1_04_s.jpg
157,0408/1_03_s.jpg
157,0408/1_02_s.jpg
157,0408/1_01_s.jpg
158,0409/1_01_s.jpg
158,0409/1_02_s.jpg
158,0409/1_03_s.jpg
158,0409/1_04_s.jpg
158,0409/2_01_s.jpg
158,0409/2_02_s.jpg
158,0409/2_03_s.jpg
158,0409/2_04_s.jpg
159,0410/2_03_s.jpg
159,0410/2_02_s.jpg
159,0410/2_04_s.jpg
159,0410/2_01_s.jpg
159,0410/1_04_s.jpg
159,0410/1_03_s.jpg
159,0410/1_02_s.jpg
159,0410/1_01_s.jpg
160,0411/1_01_s.jpg
160,0411/1_02_s.jpg
160,0411/1_03_s.jpg
160,0411/1_04_s.jpg
160,0411/2_01_s.jpg
160,0411/2_02_s.jpg
160,0411/2_03_s.jpg
160,0411/2_04_s.jpg
161,0412/2_04_s.jpg
161,0412/2_03_s.jpg
161,0412/2_02_s.jpg
161,0412/2_01_s.jpg
161,0412/1_03_s.jpg
161,0412/1_02_s.jpg
161,0412/1_01_s.jpg
161,0412/1_04_s.jpg
162,0413/2_04_s.jpg
162,0413/1_01_s.jpg
162,0413/1_02_s.jpg
162,0413/1_03_s.jpg
162,0413/1_04_s.jpg
162,0413/2_01_s.jpg
162,0413/2_02_s.jpg
162,0413/2_03_s.jpg
163,0414/2_03_s.jpg
163,0414/2_02_s.jpg
163,0414/2_04_s.jpg
163,0414/2_01_s.jpg
163,0414/1_04_s.jpg
163,0414/1_03_s.jpg
163,0414/1_02_s.jpg
163,0414/1_01_s.jpg
164,0415/1_01_s.jpg
164,0415/1_02_s.jpg
164,0415/1_03_s.jpg
164,0415/1_04_s.jpg
164,0415/2_01_s.jpg
164,0415/2_02_s.jpg
164,0415/2_03_s.jpg
164,0415/2_04_s.jpg
165,0416/2_04_s.jpg
165,0416/2_03_s.jpg
165,0416/2_02_s.jpg
165,0416/2_01_s.jpg
165,0416/1_04_s.jpg
165,0416/1_03_s.jpg
165,0416/1_02_s.jpg
165,0416/1_01_s.jpg
166,0417/1_01_s.jpg
166,0417/1_02_s.jpg
166,0417/1_03_s.jpg
166,0417/1_04_s.jpg
166,0417/2_01_s.jpg
166,0417/2_02_s.jpg
166,0417/2_03_s.jpg
166,0417/2_04_s.jpg
167,0418/2_04_s.jpg
167,0418/2_03_s.jpg
167,0418/2_02_s.jpg
167,0418/2_01_s.jpg
167,0418/1_03_s.jpg
167,0418/1_02_s.jpg
167,0418/1_01_s.jpg
167,0418/1_04_s.jpg
168,0419/1_01_s.jpg
168,0419/1_02_s.jpg
168,0419/1_03_s.jpg
168,0419/1_04_s.jpg
168,0419/2_01_s.jpg
168,0419/2_02_s.jpg
168,0419/2_03_s.jpg
168,0419/2_04_s.jpg
169,0420/1_04_s.jpg
169,0420/2_04_s.jpg
169,0420/2_03_s.jpg
169,0420/2_02_s.jpg
169,0420/1_03_s.jpg
169,0420/1_02_s.jpg
169,0420/1_01_s.jpg
169,0420/2_01_s.jpg
170,0421/2_04_s.jpg
170,0421/1_01_s.jpg
170,0421/1_02_s.jpg
170,0421/1_03_s.jpg
170,0421/1_04_s.jpg
170,0421/2_01_s.jpg
170,0421/2_02_s.jpg
170,0421/2_03_s.jpg
171,0422/2_02_s.jpg
171,0422/2_01_s.jpg
171,0422/2_03_s.jpg
171,0422/2_04_s.jpg
171,0422/1_04_s.jpg
171,0422/1_02_s.jpg
171,0422/1_03_s.jpg
171,0422/1_01_s.jpg
172,0423/1_01_s.jpg
172,0423/1_02_s.jpg
172,0423/1_03_s.jpg
172,0423/1_04_s.jpg
172,0423/2_01_s.jpg
172,0423/2_02_s.jpg
172,0423/2_03_s.jpg
172,0423/2_04_s.jpg
173,0424/2_04_s.jpg
173,0424/2_03_s.jpg
173,0424/2_01_s.jpg
173,0424/2_02_s.jpg
173,0424/1_03_s.jpg
173,0424/1_02_s.jpg
173,0424/1_01_s.jpg
173,0424/1_04_s.jpg
174,0425/1_01_s.jpg
174,0425/1_02_s.jpg
174,0425/1_03_s.jpg
174,0425/1_04_s.jpg
174,0425/2_01_s.jpg
174,0425/2_02_s.jpg
174,0425/2_03_s.jpg
174,0425/2_04_s.jpg
175,0426/2_02_s.jpg
175,0426/2_04_s.jpg
175,0426/2_03_s.jpg
175,0426/2_01_s.jpg
175,0426/1_04_s.jpg
175,0426/1_03_s.jpg
175,0426/1_02_s.jpg
175,0426/1_01_s.jpg
176,0427/1_01_s.jpg
176,0427/1_02_s.jpg
176,0427/1_03_s.jpg
176,0427/1_04_s.jpg
176,0427/2_01_s.jpg
176,0427/2_02_s.jpg
176,0427/2_03_s.jpg
176,0427/2_04_s.jpg
177,0428/2_04_s.jpg
177,0428/2_03_s.jpg
177,0428/2_02_s.jpg
177,0428/2_01_s.jpg
177,0428/1_04_s.jpg
177,0428/1_03_s.jpg
177,0428/1_02_s.jpg
177,0428/1_01_s.jpg
178,0429/1_01_s.jpg
178,0429/1_02_s.jpg
178,0429/1_03_s.jpg
178,0429/1_04_s.jpg
178,0429/2_01_s.jpg
178,0429/2_02_s.jpg
178,0429/2_03_s.jpg
178,0429/2_04_s.jpg
179,0430/2_03_s.jpg
179,0430/2_02_s.jpg
179,0430/2_04_s.jpg
179,0430/2_01_s.jpg
179,0430/1_03_s.jpg
179,0430/1_01_s.jpg
179,0430/1_04_s.jpg
179,0430/1_02_s.jpg
180,0431/1_01_s.jpg
180,0431/1_02_s.jpg
180,0431/1_03_s.jpg
180,0431/1_04_s.jpg
180,0431/2_01_s.jpg
180,0431/2_02_s.jpg
180,0431/2_03_s.jpg
180,0431/2_04_s.jpg
181,0432/2_02_s.jpg
181,0432/2_04_s.jpg
181,0432/2_03_s.jpg
181,0432/2_01_s.jpg
181,0432/1_04_s.jpg
181,0432/1_03_s.jpg
181,0432/1_02_s.jpg
181,0432/1_01_s.jpg
182,0433/1_01_s.jpg
182,0433/1_02_s.jpg
182,0433/1_03_s.jpg
182,0433/1_04_s.jpg
182,0433/2_01_s.jpg
182,0433/2_02_s.jpg
182,0433/2_03_s.jpg
182,0433/2_04_s.jpg
183,0434/2_03_s.jpg
183,0434/2_02_s.jpg
183,0434/2_01_s.jpg
183,0434/2_04_s.jpg
183,0434/1_04_s.jpg
183,0434/1_02_s.jpg
183,0434/1_01_s.jpg
183,0434/1_03_s.jpg
184,0435/1_01_s.jpg
184,0435/1_02_s.jpg
184,0435/1_03_s.jpg
184,0435/1_04_s.jpg
184,0435/2_01_s.jpg
184,0435/2_02_s.jpg
184,0435/2_03_s.jpg
184,0435/2_04_s.jpg
185,0436/2_04_s.jpg
185,0436/2_03_s.jpg
185,0436/2_02_s.jpg
185,0436/2_01_s.jpg
185,0436/1_03_s.jpg
185,0436/1_02_s.jpg
185,0436/1_01_s.jpg
185,0436/1_04_s.jpg
186,0437/1_01_s.jpg
186,0437/1_02_s.jpg
186,0437/1_03_s.jpg
186,0437/1_04_s.jpg
186,0437/2_01_s.jpg
186,0437/2_02_s.jpg
186,0437/2_03_s.jpg
186,0437/2_04_s.jpg
187,0438/2_02_s.jpg
187,0438/2_03_s.jpg
187,0438/2_04_s.jpg
187,0438/2_01_s.jpg
187,0438/1_02_s.jpg
187,0438/1_03_s.jpg
187,0438/1_01_s.jpg
187,0438/1_04_s.jpg
188,0439/2_03_s.jpg
188,0439/2_02_s.jpg
188,0439/2_01_s.jpg
188,0439/2_04_s.jpg
188,0439/1_03_s.jpg
188,0439/1_02_s.jpg
188,0439/1_01_s.jpg
188,0439/1_04_s.jpg
189,0440/1_01_s.jpg
189,0440/1_02_s.jpg
189,0440/1_03_s.jpg
189,0440/1_04_s.jpg
189,0440/2_01_s.jpg
189,0440/2_02_s.jpg
189,0440/2_03_s.jpg
189,0440/2_04_s.jpg
190,0441/2_02_s.jpg
190,0441/2_03_s.jpg
190,0441/2_01_s.jpg
190,0441/2_04_s.jpg
190,0441/1_03_s.jpg
190,0441/1_02_s.jpg
190,0441/1_01_s.jpg
190,0441/1_04_s.jpg
191,0442/1_01_s.jpg
191,0442/1_02_s.jpg
191,0442/1_03_s.jpg
191,0442/1_04_s.jpg
191,0442/2_01_s.jpg
191,0442/2_02_s.jpg
191,0442/2_03_s.jpg
191,0442/2_04_s.jpg
192,0443/2_04_s.jpg
192,0443/2_03_s.jpg
192,0443/2_02_s.jpg
192,0443/2_01_s.jpg
192,0443/1_04_s.jpg
192,0443/1_02_s.jpg
192,0443/1_01_s.jpg
192,0443/1_03_s.jpg
193,0444/1_01_s.jpg
193,0444/1_02_s.jpg
193,0444/1_03_s.jpg
193,0444/1_04_s.jpg
193,0444/2_01_s.jpg
193,0444/2_02_s.jpg
193,0444/2_03_s.jpg
193,0444/2_04_s.jpg
194,0445/2_02_s.jpg
194,0445/2_03_s.jpg
194,0445/2_01_s.jpg
194,0445/2_04_s.jpg
194,0445/1_03_s.jpg
194,0445/1_01_s.jpg
194,0445/1_04_s.jpg
194,0445/1_02_s.jpg
195,0446/1_01_s.jpg
195,0446/1_02_s.jpg
195,0446/1_03_s.jpg
195,0446/1_04_s.jpg
195,0446/2_01_s.jpg
195,0446/2_02_s.jpg
195,0446/2_03_s.jpg
195,0446/2_04_s.jpg
196,0447/2_02_s.jpg
196,0447/2_04_s.jpg
196,0447/2_03_s.jpg
196,0447/2_01_s.jpg
196,0447/1_04_s.jpg
196,0447/1_03_s.jpg
196,0447/1_02_s.jpg
196,0447/1_01_s.jpg
197,0448/1_01_s.jpg
197,0448/1_02_s.jpg
197,0448/1_03_s.jpg
197,0448/1_04_s.jpg
197,0448/2_01_s.jpg
197,0448/2_02_s.jpg
197,0448/2_03_s.jpg
197,0448/2_04_s.jpg
198,0449/2_03_s.jpg
198,0449/2_02_s.jpg
198,0449/2_01_s.jpg
198,0449/2_04_s.jpg
198,0449/1_04_s.jpg
198,0449/1_02_s.jpg
198,0449/1_01_s.jpg
198,0449/1_03_s.jpg
199,0450/1_01_s.jpg
199,0450/1_02_s.jpg
199,0450/1_03_s.jpg
199,0450/1_04_s.jpg
199,0450/2_01_s.jpg
199,0450/2_02_s.jpg
199,0450/2_03_s.jpg
199,0450/2_04_s.jpg
200,0451/2_04_s.jpg
200,0451/2_03_s.jpg
200,0451/2_02_s.jpg
200,0451/2_01_s.jpg
200,0451/1_04_s.jpg
200,0451/1_02_s.jpg
200,0451/1_01_s.jpg
200,0451/1_03_s.jpg
201,0452/1_01_s.jpg
201,0452/1_02_s.jpg
201,0452/1_03_s.jpg
201,0452/1_04_s.jpg
201,0452/2_01_s.jpg
201,0452/2_02_s.jpg
201,0452/2_03_s.jpg
201,0452/2_04_s.jpg
202,0453/2_02_s.jpg
202,0453/2_03_s.jpg
202,0453/2_01_s.jpg
202,0453/2_04_s.jpg
202,0453/1_03_s.jpg
202,0453/1_01_s.jpg
202,0453/1_04_s.jpg
202,0453/1_02_s.jpg
203,0454/1_01_s.jpg
203,0454/1_02_s.jpg
203,0454/1_03_s.jpg
203,0454/1_04_s.jpg
203,0454/2_01_s.jpg
203,0454/2_02_s.jpg
203,0454/2_03_s.jpg
203,0454/2_04_s.jpg
204,0455/2_02_s.jpg
204,0455/2_04_s.jpg
204,0455/2_03_s.jpg
204,0455/2_01_s.jpg
204,0455/1_04_s.jpg
204,0455/1_03_s.jpg
204,0455/1_02_s.jpg
204,0455/1_01_s.jpg
205,0456/1_01_s.jpg
205,0456/1_02_s.jpg
205,0456/1_03_s.jpg
205,0456/1_04_s.jpg
205,0456/2_01_s.jpg
205,0456/2_02_s.jpg
205,0456/2_03_s.jpg
205,0456/2_04_s.jpg
206,0457/2_03_s.jpg
206,0457/2_02_s.jpg
206,0457/2_04_s.jpg
206,0457/2_01_s.jpg
206,0457/1_04_s.jpg
206,0457/1_03_s.jpg
206,0457/1_02_s.jpg
206,0457/1_01_s.jpg
207,0458/1_01_s.jpg
207,0458/1_02_s.jpg
207,0458/1_03_s.jpg
207,0458/1_04_s.jpg
207,0458/2_01_s.jpg
207,0458/2_02_s.jpg
207,0458/2_03_s.jpg
207,0458/2_04_s.jpg
208,0459/2_04_s.jpg
208,0459/2_03_s.jpg
208,0459/2_02_s.jpg
208,0459/2_01_s.jpg
208,0459/1_03_s.jpg
208,0459/1_02_s.jpg
208,0459/1_01_s.jpg
208,0459/1_04_s.jpg
209,0460/1_01_s.jpg
209,0460/1_02_s.jpg
209,0460/1_03_s.jpg
209,0460/1_04_s.jpg
209,0460/2_01_s.jpg
209,0460/2_02_s.jpg
209,0460/2_03_s.jpg
209,0460/2_04_s.jpg
210,0461/2_01_s.jpg
210,0461/2_03_s.jpg
210,0461/2_02_s.jpg
210,0461/2_04_s.jpg
210,0461/1_04_s.jpg
210,0461/1_02_s.jpg
210,0461/1_03_s.jpg
210,0461/1_01_s.jpg
211,0462/1_01_s.jpg
211,0462/1_02_s.jpg
211,0462/1_03_s.jpg
211,0462/1_04_s.jpg
211,0462/2_01_s.jpg
211,0462/2_02_s.jpg
211,0462/2_03_s.jpg
211,0462/2_04_s.jpg
212,0463/2_02_s.jpg
212,0463/2_04_s.jpg
212,0463/2_03_s.jpg
212,0463/2_01_s.jpg
212,0463/1_03_s.jpg
212,0463/1_02_s.jpg
212,0463/1_01_s.jpg
212,0463/1_04_s.jpg
213,0464/1_01_s.jpg
213,0464/1_02_s.jpg
213,0464/1_03_s.jpg
213,0464/1_04_s.jpg
213,0464/2_01_s.jpg
213,0464/2_02_s.jpg
213,0464/2_03_s.jpg
213,0464/2_04_s.jpg
214,0465/2_01_s.jpg
214,0465/2_03_s.jpg
214,0465/2_02_s.jpg
214,0465/2_04_s.jpg
214,0465/1_04_s.jpg
214,0465/1_02_s.jpg
214,0465/1_01_s.jpg
214,0465/1_03_s.jpg
215,0466/1_01_s.jpg
215,0466/1_02_s.jpg
215,0466/1_03_s.jpg
215,0466/1_04_s.jpg
215,0466/2_01_s.jpg
215,0466/2_02_s.jpg
215,0466/2_03_s.jpg
215,0466/2_04_s.jpg
216,0467/2_04_s.jpg
216,0467/2_03_s.jpg
216,0467/2_02_s.jpg
216,0467/2_01_s.jpg
216,0467/1_04_s.jpg
216,0467/1_02_s.jpg
216,0467/1_01_s.jpg
216,0467/1_03_s.jpg
217,0468/1_01_s.jpg
217,0468/1_02_s.jpg
217,0468/1_03_s.jpg
217,0468/1_04_s.jpg
217,0468/2_01_s.jpg
217,0468/2_02_s.jpg
217,0468/2_03_s.jpg
217,0468/2_04_s.jpg
218,0469/2_02_s.jpg
218,0469/2_04_s.jpg
218,0469/2_01_s.jpg
218,0469/2_03_s.jpg
218,0469/1_03_s.jpg
218,0469/1_02_s.jpg
218,0469/1_01_s.jpg
218,0469/1_04_s.jpg
219,0470/1_01_s.jpg
219,0470/1_02_s.jpg
219,0470/1_03_s.jpg
219,0470/1_04_s.jpg
219,0470/2_01_s.jpg
219,0470/2_02_s.jpg
219,0470/2_03_s.jpg
219,0470/2_04_s.jpg
220,0471/2_04_s.jpg
220,0471/2_03_s.jpg
220,0471/2_02_s.jpg
220,0471/2_01_s.jpg
220,0471/1_04_s.jpg
220,0471/1_03_s.jpg
220,0471/1_02_s.jpg
220,0471/1_01_s.jpg
221,0472/1_01_s.jpg
221,0472/1_02_s.jpg
221,0472/1_03_s.jpg
221,0472/1_04_s.jpg
221,0472/2_01_s.jpg
221,0472/2_02_s.jpg
221,0472/2_03_s.jpg
221,0472/2_04_s.jpg
222,0473/2_04_s.jpg
222,0473/2_03_s.jpg
222,0473/2_02_s.jpg
222,0473/2_01_s.jpg
222,0473/1_04_s.jpg
222,0473/1_03_s.jpg
222,0473/1_02_s.jpg
222,0473/1_01_s.jpg
223,0474/1_01_s.jpg
223,0474/1_02_s.jpg
223,0474/1_03_s.jpg
223,0474/1_04_s.jpg
223,0474/2_01_s.jpg
223,0474/2_02_s.jpg
223,0474/2_03_s.jpg
223,0474/2_04_s.jpg
224,0475/2_04_s.jpg
224,0475/2_03_s.jpg
224,0475/2_02_s.jpg
224,0475/2_01_s.jpg
224,0475/1_03_s.jpg
224,0475/1_02_s.jpg
224,0475/1_01_s.jpg
224,0475/1_04_s.jpg
225,0476/1_01_s.jpg
225,0476/1_02_s.jpg
225,0476/1_03_s.jpg
225,0476/1_04_s.jpg
225,0476/2_01_s.jpg
225,0476/2_02_s.jpg
225,0476/2_03_s.jpg
225,0476/2_04_s.jpg
226,0477/2_02_s.jpg
226,0477/2_04_s.jpg
226,0477/2_03_s.jpg
226,0477/2_01_s.jpg
226,0477/1_04_s.jpg
226,0477/1_03_s.jpg
226,0477/1_02_s.jpg
226,0477/1_01_s.jpg
227,0478/1_01_s.jpg
227,0478/1_02_s.jpg
227,0478/1_03_s.jpg
227,0478/1_04_s.jpg
227,0478/2_01_s.jpg
227,0478/2_02_s.jpg
227,0478/2_03_s.jpg
227,0478/2_04_s.jpg
228,0479/2_04_s.jpg
228,0479/2_03_s.jpg
228,0479/2_02_s.jpg
228,0479/2_01_s.jpg
228,0479/1_04_s.jpg
228,0479/1_03_s.jpg
228,0479/1_02_s.jpg
228,0479/1_01_s.jpg
229,0480/1_01_s.jpg
229,0480/1_02_s.jpg
229,0480/1_03_s.jpg
229,0480/1_04_s.jpg
229,0480/2_01_s.jpg
229,0480/2_02_s.jpg
229,0480/2_03_s.jpg
229,0480/2_04_s.jpg
230,0481/2_04_s.jpg
230,0481/2_03_s.jpg
230,0481/2_02_s.jpg
230,0481/2_01_s.jpg
230,0481/1_03_s.jpg
230,0481/1_02_s.jpg
230,0481/1_01_s.jpg
230,0481/1_04_s.jpg
231,0482/1_01_s.jpg
231,0482/1_02_s.jpg
231,0482/1_03_s.jpg
231,0482/1_04_s.jpg
231,0482/2_01_s.jpg
231,0482/2_02_s.jpg
231,0482/2_03_s.jpg
231,0482/2_04_s.jpg
232,0483/1_04_s.jpg
232,0483/2_04_s.jpg
232,0483/2_03_s.jpg
232,0483/2_02_s.jpg
232,0483/1_03_s.jpg
232,0483/1_02_s.jpg
232,0483/1_01_s.jpg
232,0483/2_01_s.jpg
233,0484/2_04_s.jpg
233,0484/1_01_s.jpg
233,0484/1_02_s.jpg
233,0484/1_03_s.jpg
233,0484/1_04_s.jpg
233,0484/2_01_s.jpg
233,0484/2_02_s.jpg
233,0484/2_03_s.jpg
234,0485/2_04_s.jpg
234,0485/2_02_s.jpg
234,0485/2_03_s.jpg
234,0485/2_01_s.jpg
234,0485/1_02_s.jpg
234,0485/1_03_s.jpg
234,0485/1_04_s.jpg
234,0485/1_01_s.jpg
235,0486/1_01_s.jpg
235,0486/1_02_s.jpg
235,0486/1_03_s.jpg
235,0486/1_04_s.jpg
235,0486/2_01_s.jpg
235,0486/2_02_s.jpg
235,0486/2_03_s.jpg
235,0486/2_04_s.jpg
236,0487/2_01_s.jpg
236,0487/2_04_s.jpg
236,0487/2_03_s.jpg
236,0487/2_02_s.jpg
236,0487/1_04_s.jpg
236,0487/1_03_s.jpg
236,0487/1_02_s.jpg
236,0487/1_01_s.jpg
237,0488/1_01_s.jpg
237,0488/1_02_s.jpg
237,0488/1_03_s.jpg
237,0488/1_04_s.jpg
237,0488/2_01_s.jpg
237,0488/2_02_s.jpg
237,0488/2_03_s.jpg
237,0488/2_04_s.jpg
238,0489/2_03_s.jpg
238,0489/2_02_s.jpg
238,0489/2_04_s.jpg
238,0489/2_01_s.jpg
238,0489/1_03_s.jpg
238,0489/1_02_s.jpg
238,0489/1_01_s.jpg
238,0489/1_04_s.jpg
239,0490/1_01_s.jpg
239,0490/1_02_s.jpg
239,0490/1_03_s.jpg
239,0490/1_04_s.jpg
239,0490/2_01_s.jpg
239,0490/2_02_s.jpg
239,0490/2_03_s.jpg
239,0490/2_04_s.jpg
240,0491/2_04_s.jpg
240,0491/2_03_s.jpg
240,0491/2_02_s.jpg
240,0491/2_01_s.jpg
240,0491/1_04_s.jpg
240,0491/1_02_s.jpg
240,0491/1_01_s.jpg
240,0491/1_03_s.jpg
241,0492/1_01_s.jpg
241,0492/1_02_s.jpg
241,0492/1_03_s.jpg
241,0492/1_04_s.jpg
241,0492/2_01_s.jpg
241,0492/2_02_s.jpg
241,0492/2_03_s.jpg
241,0492/2_04_s.jpg
242,0493/2_04_s.jpg
242,0493/2_03_s.jpg
242,0493/2_02_s.jpg
242,0493/2_01_s.jpg
242,0493/1_03_s.jpg
242,0493/1_02_s.jpg
242,0493/1_01_s.jpg
242,0493/1_04_s.jpg
243,0494/1_01_s.jpg
243,0494/1_02_s.jpg
243,0494/1_03_s.jpg
243,0494/1_04_s.jpg
243,0494/2_01_s.jpg
243,0494/2_02_s.jpg
243,0494/2_03_s.jpg
243,0494/2_04_s.jpg
244,0495/2_04_s.jpg
244,0495/2_03_s.jpg
244,0495/2_02_s.jpg
244,0495/2_01_s.jpg
244,0495/1_03_s.jpg
244,0495/1_02_s.jpg
244,0495/1_01_s.jpg
244,0495/1_04_s.jpg
245,0496/1_01_s.jpg
245,0496/1_02_s.jpg
245,0496/1_03_s.jpg
245,0496/1_04_s.jpg
245,0496/2_01_s.jpg
245,0496/2_02_s.jpg
245,0496/2_03_s.jpg
245,0496/2_04_s.jpg
246,0497/2_04_s.jpg
246,0497/2_03_s.jpg
246,0497/2_02_s.jpg
246,0497/2_01_s.jpg
246,0497/1_03_s.jpg
246,0497/1_02_s.jpg
246,0497/1_01_s.jpg
246,0497/1_04_s.jpg
247,0498/1_01_s.jpg
247,0498/1_02_s.jpg
247,0498/1_03_s.jpg
247,0498/1_04_s.jpg
247,0498/2_01_s.jpg
247,0498/2_02_s.jpg
247,0498/2_03_s.jpg
247,0498/2_04_s.jpg
248,0499/2_04_s.jpg
248,0499/2_03_s.jpg
248,0499/2_02_s.jpg
248,0499/2_01_s.jpg
248,0499/1_03_s.jpg
248,0499/1_02_s.jpg
248,0499/1_01_s.jpg
248,0499/1_04_s.jpg
249,0500/2_03_s.jpg
249,0500/1_01_s.jpg
249,0500/1_02_s.jpg
249,0500/1_03_s.jpg
249,0500/1_04_s.jpg
249,0500/2_01_s.jpg
249,0500/2_02_s.jpg
249,0500/2_04_s.jpg
0,0251/1_01_s.jpg
0,0251/1_02_s.jpg
0,0251/1_03_s.jpg
0,0251/1_04_s.jpg
0,0251/2_01_s.jpg
0,0251/2_02_s.jpg
0,0251/2_03_s.jpg
0,0251/2_04_s.jpg
1,0252/2_04_s.jpg
1,0252/2_03_s.jpg
1,0252/2_01_s.jpg
1,0252/2_02_s.jpg
1,0252/1_03_s.jpg
1,0252/1_02_s.jpg
1,0252/1_01_s.jpg
1,0252/1_04_s.jpg
2,0253/1_01_s.jpg
2,0253/1_02_s.jpg
2,0253/1_03_s.jpg
2,0253/1_04_s.jpg
2,0253/2_01_s.jpg
2,0253/2_02_s.jpg
2,0253/2_03_s.jpg
2,0253/2_04_s.jpg
3,0254/2_03_s.jpg
3,0254/2_04_s.jpg
3,0254/2_01_s.jpg
3,0254/2_02_s.jpg
3,0254/1_03_s.jpg
3,0254/1_02_s.jpg
3,0254/1_01_s.jpg
3,0254/1_04_s.jpg
4,0255/1_01_s.jpg
4,0255/1_02_s.jpg
4,0255/1_03_s.jpg
4,0255/1_04_s.jpg
4,0255/2_01_s.jpg
4,0255/2_02_s.jpg
4,0255/2_03_s.jpg
4,0255/2_04_s.jpg
5,0256/2_04_s.jpg
5,0256/2_03_s.jpg
5,0256/2_02_s.jpg
5,0256/2_01_s.jpg
5,0256/1_04_s.jpg
5,0256/1_02_s.jpg
5,0256/1_01_s.jpg
5,0256/1_03_s.jpg
6,0257/1_01_s.jpg
6,0257/1_02_s.jpg
6,0257/1_03_s.jpg
6,0257/1_04_s.jpg
6,0257/2_01_s.jpg
6,0257/2_02_s.jpg
6,0257/2_03_s.jpg
6,0257/2_04_s.jpg
7,0258/2_03_s.jpg
7,0258/2_04_s.jpg
7,0258/2_01_s.jpg
7,0258/2_02_s.jpg
7,0258/1_03_s.jpg
7,0258/1_01_s.jpg
7,0258/1_04_s.jpg
7,0258/1_02_s.jpg
8,0259/1_01_s.jpg
8,0259/1_02_s.jpg
8,0259/1_03_s.jpg
8,0259/1_04_s.jpg
8,0259/2_01_s.jpg
8,0259/2_02_s.jpg
8,0259/2_03_s.jpg
8,0259/2_04_s.jpg
9,0260/2_02_s.jpg
9,0260/2_04_s.jpg
9,0260/2_03_s.jpg
9,0260/2_01_s.jpg
9,0260/1_04_s.jpg
9,0260/1_03_s.jpg
9,0260/1_02_s.jpg
9,0260/1_01_s.jpg
10,0261/1_01_s.jpg
10,0261/1_02_s.jpg
10,0261/1_03_s.jpg
10,0261/1_04_s.jpg
10,0261/2_01_s.jpg
10,0261/2_02_s.jpg
10,0261/2_03_s.jpg
10,0261/2_04_s.jpg
11,0262/2_03_s.jpg
11,0262/2_02_s.jpg
11,0262/2_01_s.jpg
11,0262/2_04_s.jpg
11,0262/1_04_s.jpg
11,0262/1_02_s.jpg
11,0262/1_01_s.jpg
11,0262/1_03_s.jpg
12,0263/1_01_s.jpg
12,0263/1_02_s.jpg
12,0263/1_03_s.jpg
12,0263/1_04_s.jpg
12,0263/2_01_s.jpg
12,0263/2_02_s.jpg
12,0263/2_03_s.jpg
12,0263/2_04_s.jpg
13,0264/2_04_s.jpg
13,0264/2_03_s.jpg
13,0264/2_02_s.jpg
13,0264/2_01_s.jpg
13,0264/1_04_s.jpg
13,0264/1_02_s.jpg
13,0264/1_01_s.jpg
13,0264/1_03_s.jpg
14,0265/1_01_s.jpg
14,0265/1_02_s.jpg
14,0265/1_03_s.jpg
14,0265/1_04_s.jpg
14,0265/2_01_s.jpg
14,0265/2_02_s.jpg
14,0265/2_03_s.jpg
14,0265/2_04_s.jpg
15,0266/2_03_s.jpg
15,0266/2_04_s.jpg
15,0266/2_01_s.jpg
15,0266/2_02_s.jpg
15,0266/1_03_s.jpg
15,0266/1_01_s.jpg
15,0266/1_04_s.jpg
15,0266/1_02_s.jpg
16,0267/1_01_s.jpg
16,0267/1_02_s.jpg
16,0267/1_03_s.jpg
16,0267/1_04_s.jpg
16,0267/2_01_s.jpg
16,0267/2_02_s.jpg
16,0267/2_03_s.jpg
16,0267/2_04_s.jpg
17,0268/2_02_s.jpg
17,0268/2_04_s.jpg
17,0268/2_03_s.jpg
17,0268/2_01_s.jpg
17,0268/1_04_s.jpg
17,0268/1_03_s.jpg
17,0268/1_02_s.jpg
17,0268/1_01_s.jpg
18,0269/1_01_s.jpg
18,0269/1_02_s.jpg
18,0269/1_03_s.jpg
18,0269/1_04_s.jpg
18,0269/2_01_s.jpg
18,0269/2_02_s.jpg
18,0269/2_03_s.jpg
18,0269/2_04_s.jpg
19,0270/2_03_s.jpg
19,0270/2_02_s.jpg
19,0270/2_04_s.jpg
19,0270/2_01_s.jpg
19,0270/1_04_s.jpg
19,0270/1_03_s.jpg
19,0270/1_02_s.jpg
19,0270/1_01_s.jpg
20,0271/1_01_s.jpg
20,0271/1_02_s.jpg
20,0271/1_03_s.jpg
20,0271/1_04_s.jpg
20,0271/2_01_s.jpg
20,0271/2_02_s.jpg
20,0271/2_03_s.jpg
20,0271/2_04_s.jpg
21,0272/2_04_s.jpg
21,0272/2_03_s.jpg
21,0272/2_02_s.jpg
21,0272/2_01_s.jpg
21,0272/1_03_s.jpg
21,0272/1_02_s.jpg
21,0272/1_01_s.jpg
21,0272/1_04_s.jpg
22,0273/1_01_s.jpg
22,0273/1_02_s.jpg
22,0273/1_03_s.jpg
22,0273/1_04_s.jpg
22,0273/2_01_s.jpg
22,0273/2_02_s.jpg
22,0273/2_03_s.jpg
22,0273/2_04_s.jpg
23,0274/2_01_s.jpg
23,0274/2_03_s.jpg
23,0274/2_02_s.jpg
23,0274/2_04_s.jpg
23,0274/1_04_s.jpg
23,0274/1_02_s.jpg
23,0274/1_03_s.jpg
23,0274/1_01_s.jpg
24,0275/1_01_s.jpg
24,0275/1_02_s.jpg
24,0275/1_03_s.jpg
24,0275/1_04_s.jpg
24,0275/2_01_s.jpg
24,0275/2_02_s.jpg
24,0275/2_03_s.jpg
24,0275/2_04_s.jpg
25,0276/2_01_s.jpg
25,0276/2_04_s.jpg
25,0276/2_03_s.jpg
25,0276/2_02_s.jpg
25,0276/1_04_s.jpg
25,0276/1_03_s.jpg
25,0276/1_02_s.jpg
25,0276/1_01_s.jpg
26,0277/1_01_s.jpg
26,0277/1_02_s.jpg
26,0277/1_03_s.jpg
26,0277/1_04_s.jpg
26,0277/2_01_s.jpg
26,0277/2_02_s.jpg
26,0277/2_03_s.jpg
26,0277/2_04_s.jpg
27,0278/2_03_s.jpg
27,0278/2_02_s.jpg
27,0278/2_04_s.jpg
27,0278/2_01_s.jpg
27,0278/1_03_s.jpg
27,0278/1_02_s.jpg
27,0278/1_01_s.jpg
27,0278/1_04_s.jpg
28,0279/1_01_s.jpg
28,0279/1_02_s.jpg
28,0279/1_03_s.jpg
28,0279/1_04_s.jpg
28,0279/2_01_s.jpg
28,0279/2_02_s.jpg
28,0279/2_03_s.jpg
28,0279/2_04_s.jpg
29,0280/2_04_s.jpg
29,0280/2_03_s.jpg
29,0280/2_02_s.jpg
29,0280/2_01_s.jpg
29,0280/1_04_s.jpg
29,0280/1_02_s.jpg
29,0280/1_01_s.jpg
29,0280/1_03_s.jpg
30,0281/1_01_s.jpg
30,0281/1_02_s.jpg
30,0281/1_03_s.jpg
30,0281/1_04_s.jpg
30,0281/2_01_s.jpg
30,0281/2_02_s.jpg
30,0281/2_03_s.jpg
30,0281/2_04_s.jpg
31,0282/2_02_s.jpg
31,0282/2_04_s.jpg
31,0282/2_03_s.jpg
31,0282/2_01_s.jpg
31,0282/1_02_s.jpg
31,0282/1_03_s.jpg
31,0282/1_04_s.jpg
31,0282/1_01_s.jpg
32,0283/1_01_s.jpg
32,0283/1_02_s.jpg
32,0283/1_03_s.jpg
32,0283/1_04_s.jpg
32,0283/2_01_s.jpg
32,0283/2_02_s.jpg
32,0283/2_03_s.jpg
32,0283/2_04_s.jpg
33,0284/2_04_s.jpg
33,0284/2_03_s.jpg
33,0284/2_02_s.jpg
33,0284/2_01_s.jpg
33,0284/1_03_s.jpg
33,0284/1_02_s.jpg
33,0284/1_01_s.jpg
33,0284/1_04_s.jpg
34,0285/1_01_s.jpg
34,0285/1_02_s.jpg
34,0285/1_03_s.jpg
34,0285/1_04_s.jpg
34,0285/2_01_s.jpg
34,0285/2_02_s.jpg
34,0285/2_03_s.jpg
34,0285/2_04_s.jpg
35,0286/2_02_s.jpg
35,0286/2_04_s.jpg
35,0286/2_03_s.jpg
35,0286/2_01_s.jpg
35,0286/1_04_s.jpg
35,0286/1_03_s.jpg
35,0286/1_02_s.jpg
35,0286/1_01_s.jpg
36,0287/1_01_s.jpg
36,0287/1_02_s.jpg
36,0287/1_03_s.jpg
36,0287/1_04_s.jpg
36,0287/2_01_s.jpg
36,0287/2_02_s.jpg
36,0287/2_03_s.jpg
36,0287/2_04_s.jpg
37,0288/2_04_s.jpg
37,0288/2_03_s.jpg
37,0288/2_02_s.jpg
37,0288/2_01_s.jpg
37,0288/1_04_s.jpg
37,0288/1_03_s.jpg
37,0288/1_02_s.jpg
37,0288/1_01_s.jpg
38,0289/1_01_s.jpg
38,0289/1_02_s.jpg
38,0289/1_03_s.jpg
38,0289/1_04_s.jpg
38,0289/2_01_s.jpg
38,0289/2_02_s.jpg
38,0289/2_03_s.jpg
38,0289/2_04_s.jpg
39,0290/2_04_s.jpg
39,0290/2_03_s.jpg
39,0290/2_02_s.jpg
39,0290/2_01_s.jpg
39,0290/1_04_s.jpg
39,0290/1_03_s.jpg
39,0290/1_02_s.jpg
39,0290/1_01_s.jpg
40,0291/1_01_s.jpg
40,0291/1_02_s.jpg
40,0291/1_03_s.jpg
40,0291/1_04_s.jpg
40,0291/2_01_s.jpg
40,0291/2_02_s.jpg
40,0291/2_03_s.jpg
40,0291/2_04_s.jpg
41,0292/2_04_s.jpg
41,0292/2_03_s.jpg
41,0292/2_02_s.jpg
41,0292/2_01_s.jpg
41,0292/1_04_s.jpg
41,0292/1_03_s.jpg
41,0292/1_02_s.jpg
41,0292/1_01_s.jpg
42,0293/1_01_s.jpg
42,0293/1_02_s.jpg
42,0293/1_03_s.jpg
42,0293/1_04_s.jpg
42,0293/2_01_s.jpg
42,0293/2_02_s.jpg
42,0293/2_03_s.jpg
42,0293/2_04_s.jpg
43,0294/2_04_s.jpg
43,0294/2_03_s.jpg
43,0294/2_02_s.jpg
43,0294/1_04_s.jpg
43,0294/1_03_s.jpg
43,0294/1_02_s.jpg
43,0294/1_01_s.jpg
43,0294/2_01_s.jpg
44,0295/2_04_s.jpg
44,0295/1_01_s.jpg
44,0295/1_02_s.jpg
44,0295/1_03_s.jpg
44,0295/1_04_s.jpg
44,0295/2_01_s.jpg
44,0295/2_02_s.jpg
44,0295/2_03_s.jpg
45,0296/2_04_s.jpg
45,0296/2_03_s.jpg
45,0296/2_02_s.jpg
45,0296/2_01_s.jpg
45,0296/1_03_s.jpg
45,0296/1_02_s.jpg
45,0296/1_01_s.jpg
45,0296/1_04_s.jpg
46,0297/2_02_s.jpg
46,0297/2_03_s.jpg
46,0297/2_01_s.jpg
46,0297/2_04_s.jpg
46,0297/1_03_s.jpg
46,0297/1_02_s.jpg
46,0297/1_01_s.jpg
46,0297/1_04_s.jpg
47,0298/2_03_s.jpg
47,0298/2_02_s.jpg
47,0298/2_04_s.jpg
47,0298/2_01_s.jpg
47,0298/1_01_s.jpg
47,0298/1_03_s.jpg
47,0298/1_02_s.jpg
47,0298/1_04_s.jpg
48,0299/1_01_s.jpg
48,0299/1_02_s.jpg
48,0299/1_03_s.jpg
48,0299/1_04_s.jpg
48,0299/2_01_s.jpg
48,0299/2_02_s.jpg
48,0299/2_03_s.jpg
48,0299/2_04_s.jpg
49,0300/2_04_s.jpg
49,0300/2_03_s.jpg
49,0300/2_02_s.jpg
49,0300/2_01_s.jpg
49,0300/1_04_s.jpg
49,0300/1_03_s.jpg
49,0300/1_02_s.jpg
49,0300/1_01_s.jpg
50,0301/1_01_s.jpg
50,0301/1_02_s.jpg
50,0301/1_03_s.jpg
50,0301/1_04_s.jpg
50,0301/2_01_s.jpg
50,0301/2_02_s.jpg
50,0301/2_03_s.jpg
50,0301/2_04_s.jpg
51,0302/2_04_s.jpg
51,0302/2_03_s.jpg
51,0302/2_02_s.jpg
51,0302/2_01_s.jpg
51,0302/1_03_s.jpg
51,0302/1_02_s.jpg
51,0302/1_01_s.jpg
51,0302/1_04_s.jpg
52,0303/1_01_s.jpg
52,0303/1_02_s.jpg
52,0303/1_03_s.jpg
52,0303/1_04_s.jpg
52,0303/2_01_s.jpg
52,0303/2_02_s.jpg
52,0303/2_03_s.jpg
52,0303/2_04_s.jpg
53,0304/1_04_s.jpg
53,0304/2_04_s.jpg
53,0304/2_03_s.jpg
53,0304/2_02_s.jpg
53,0304/1_03_s.jpg
53,0304/1_02_s.jpg
53,0304/1_01_s.jpg
53,0304/2_01_s.jpg
54,0305/2_04_s.jpg
54,0305/1_01_s.jpg
54,0305/1_02_s.jpg
54,0305/1_03_s.jpg
54,0305/1_04_s.jpg
54,0305/2_01_s.jpg
54,0305/2_02_s.jpg
54,0305/2_03_s.jpg
55,0306/2_03_s.jpg
55,0306/2_02_s.jpg
55,0306/2_04_s.jpg
55,0306/2_01_s.jpg
55,0306/1_01_s.jpg
55,0306/1_03_s.jpg
55,0306/1_02_s.jpg
55,0306/1_04_s.jpg
56,0307/1_01_s.jpg
56,0307/1_02_s.jpg
56,0307/1_03_s.jpg
56,0307/1_04_s.jpg
56,0307/2_01_s.jpg
56,0307/2_02_s.jpg
56,0307/2_03_s.jpg
56,0307/2_04_s.jpg
57,0308/2_04_s.jpg
57,0308/2_03_s.jpg
57,0308/2_02_s.jpg
57,0308/2_01_s.jpg
57,0308/1_03_s.jpg
57,0308/1_02_s.jpg
57,0308/1_01_s.jpg
57,0308/1_04_s.jpg
58,0309/1_01_s.jpg
58,0309/1_02_s.jpg
58,0309/1_03_s.jpg
58,0309/1_04_s.jpg
58,0309/2_01_s.jpg
58,0309/2_02_s.jpg
58,0309/2_03_s.jpg
58,0309/2_04_s.jpg
59,0310/2_02_s.jpg
59,0310/2_04_s.jpg
59,0310/2_03_s.jpg
59,0310/2_01_s.jpg
59,0310/1_01_s.jpg
59,0310/1_03_s.jpg
59,0310/1_02_s.jpg
59,0310/1_04_s.jpg
60,0311/1_01_s.jpg
60,0311/1_02_s.jpg
60,0311/1_03_s.jpg
60,0311/1_04_s.jpg
60,0311/2_01_s.jpg
60,0311/2_02_s.jpg
60,0311/2_03_s.jpg
60,0311/2_04_s.jpg
61,0312/2_04_s.jpg
61,0312/2_03_s.jpg
61,0312/2_02_s.jpg
61,0312/2_01_s.jpg
61,0312/1_01_s.jpg
61,0312/1_03_s.jpg
61,0312/1_02_s.jpg
61,0312/1_04_s.jpg
62,0313/2_02_s.jpg
62,0313/2_04_s.jpg
62,0313/2_03_s.jpg
62,0313/2_01_s.jpg
62,0313/1_02_s.jpg
62,0313/1_03_s.jpg
62,0313/1_01_s.jpg
62,0313/1_04_s.jpg
63,0314/1_01_s.jpg
63,0314/1_02_s.jpg
63,0314/1_03_s.jpg
63,0314/1_04_s.jpg
63,0314/2_01_s.jpg
63,0314/2_02_s.jpg
63,0314/2_03_s.jpg
63,0314/2_04_s.jpg
64,0315/2_04_s.jpg
64,0315/2_03_s.jpg
64,0315/2_01_s.jpg
64,0315/2_02_s.jpg
64,0315/1_03_s.jpg
64,0315/1_02_s.jpg
64,0315/1_01_s.jpg
64,0315/1_04_s.jpg
65,0316/1_01_s.jpg
65,0316/1_02_s.jpg
65,0316/1_03_s.jpg
65,0316/1_04_s.jpg
65,0316/2_01_s.jpg
65,0316/2_02_s.jpg
65,0316/2_03_s.jpg
65,0316/2_04_s.jpg
66,0317/2_03_s.jpg
66,0317/2_04_s.jpg
66,0317/2_01_s.jpg
66,0317/2_02_s.jpg
66,0317/1_03_s.jpg
66,0317/1_02_s.jpg
66,0317/1_01_s.jpg
66,0317/1_04_s.jpg
67,0318/1_01_s.jpg
67,0318/1_02_s.jpg
67,0318/1_03_s.jpg
67,0318/1_04_s.jpg
67,0318/2_01_s.jpg
67,0318/2_02_s.jpg
67,0318/2_03_s.jpg
67,0318/2_04_s.jpg
68,0319/2_04_s.jpg
68,0319/2_03_s.jpg
68,0319/2_02_s.jpg
68,0319/2_01_s.jpg
68,0319/1_04_s.jpg
68,0319/1_02_s.jpg
68,0319/1_01_s.jpg
68,0319/1_03_s.jpg
69,0320/1_01_s.jpg
69,0320/1_02_s.jpg
69,0320/1_03_s.jpg
69,0320/1_04_s.jpg
69,0320/2_01_s.jpg
69,0320/2_02_s.jpg
69,0320/2_03_s.jpg
69,0320/2_04_s.jpg
70,0321/2_03_s.jpg
70,0321/2_04_s.jpg
70,0321/2_01_s.jpg
70,0321/2_02_s.jpg
70,0321/1_03_s.jpg
70,0321/1_01_s.jpg
70,0321/1_04_s.jpg
70,0321/1_02_s.jpg
71,0322/1_01_s.jpg
71,0322/1_02_s.jpg
71,0322/1_03_s.jpg
71,0322/1_04_s.jpg
71,0322/2_01_s.jpg
71,0322/2_02_s.jpg
71,0322/2_03_s.jpg
71,0322/2_04_s.jpg
72,0323/2_02_s.jpg
72,0323/2_04_s.jpg
72,0323/2_03_s.jpg
72,0323/2_01_s.jpg
72,0323/1_04_s.jpg
72,0323/1_03_s.jpg
72,0323/1_02_s.jpg
72,0323/1_01_s.jpg
73,0324/1_01_s.jpg
73,0324/1_02_s.jpg
73,0324/1_03_s.jpg
73,0324/1_04_s.jpg
73,0324/2_01_s.jpg
73,0324/2_02_s.jpg
73,0324/2_03_s.jpg
73,0324/2_04_s.jpg
74,0325/2_03_s.jpg
74,0325/2_02_s.jpg
74,0325/2_01_s.jpg
74,0325/2_04_s.jpg
74,0325/1_04_s.jpg
74,0325/1_02_s.jpg
74,0325/1_01_s.jpg
74,0325/1_03_s.jpg
75,0326/1_01_s.jpg
75,0326/1_02_s.jpg
75,0326/1_03_s.jpg
75,0326/1_04_s.jpg
75,0326/2_01_s.jpg
75,0326/2_02_s.jpg
75,0326/2_03_s.jpg
75,0326/2_04_s.jpg
76,0327/2_04_s.jpg
76,0327/2_03_s.jpg
76,0327/2_02_s.jpg
76,0327/2_01_s.jpg
76,0327/1_03_s.jpg
76,0327/1_02_s.jpg
76,0327/1_01_s.jpg
76,0327/1_04_s.jpg
77,0328/1_01_s.jpg
77,0328/1_02_s.jpg
77,0328/1_03_s.jpg
77,0328/1_04_s.jpg
77,0328/2_01_s.jpg
77,0328/2_02_s.jpg
77,0328/2_03_s.jpg
77,0328/2_04_s.jpg
78,0329/2_02_s.jpg
78,0329/2_04_s.jpg
78,0329/2_03_s.jpg
78,0329/2_01_s.jpg
78,0329/1_02_s.jpg
78,0329/1_03_s.jpg
78,0329/1_04_s.jpg
78,0329/1_01_s.jpg
79,0330/1_01_s.jpg
79,0330/1_02_s.jpg
79,0330/1_03_s.jpg
79,0330/1_04_s.jpg
79,0330/2_01_s.jpg
79,0330/2_02_s.jpg
79,0330/2_03_s.jpg
79,0330/2_04_s.jpg
80,0331/2_04_s.jpg
80,0331/2_03_s.jpg
80,0331/2_01_s.jpg
80,0331/2_02_s.jpg
80,0331/1_03_s.jpg
80,0331/1_02_s.jpg
80,0331/1_01_s.jpg
80,0331/1_04_s.jpg
81,0332/1_01_s.jpg
81,0332/1_02_s.jpg
81,0332/1_03_s.jpg
81,0332/1_04_s.jpg
81,0332/2_01_s.jpg
81,0332/2_02_s.jpg
81,0332/2_03_s.jpg
81,0332/2_04_s.jpg
82,0333/2_03_s.jpg
82,0333/2_04_s.jpg
82,0333/2_01_s.jpg
82,0333/2_02_s.jpg
82,0333/1_03_s.jpg
82,0333/1_02_s.jpg
82,0333/1_01_s.jpg
82,0333/1_04_s.jpg
83,0334/1_01_s.jpg
83,0334/1_02_s.jpg
83,0334/1_03_s.jpg
83,0334/1_04_s.jpg
83,0334/2_01_s.jpg
83,0334/2_02_s.jpg
83,0334/2_03_s.jpg
83,0334/2_04_s.jpg
84,0335/2_04_s.jpg
84,0335/2_03_s.jpg
84,0335/2_02_s.jpg
84,0335/2_01_s.jpg
84,0335/1_04_s.jpg
84,0335/1_02_s.jpg
84,0335/1_01_s.jpg
84,0335/1_03_s.jpg
85,0336/1_01_s.jpg
85,0336/1_02_s.jpg
85,0336/1_03_s.jpg
85,0336/1_04_s.jpg
85,0336/2_01_s.jpg
85,0336/2_02_s.jpg
85,0336/2_03_s.jpg
85,0336/2_04_s.jpg
86,0337/2_02_s.jpg
86,0337/2_04_s.jpg
86,0337/2_03_s.jpg
86,0337/2_01_s.jpg
86,0337/1_02_s.jpg
86,0337/1_03_s.jpg
86,0337/1_04_s.jpg
86,0337/1_01_s.jpg
87,0338/1_01_s.jpg
87,0338/1_02_s.jpg
87,0338/1_03_s.jpg
87,0338/1_04_s.jpg
87,0338/2_01_s.jpg
87,0338/2_02_s.jpg
87,0338/2_03_s.jpg
87,0338/2_04_s.jpg
88,0339/2_04_s.jpg
88,0339/2_03_s.jpg
88,0339/2_01_s.jpg
88,0339/2_02_s.jpg
88,0339/1_03_s.jpg
88,0339/1_02_s.jpg
88,0339/1_01_s.jpg
88,0339/1_04_s.jpg
89,0340/1_01_s.jpg
89,0340/1_02_s.jpg
89,0340/1_03_s.jpg
89,0340/1_04_s.jpg
89,0340/2_01_s.jpg
89,0340/2_02_s.jpg
89,0340/2_03_s.jpg
89,0340/2_04_s.jpg
90,0341/2_02_s.jpg
90,0341/2_04_s.jpg
90,0341/2_03_s.jpg
90,0341/2_01_s.jpg
90,0341/1_02_s.jpg
90,0341/1_03_s.jpg
90,0341/1_04_s.jpg
90,0341/1_01_s.jpg
91,0342/1_01_s.jpg
91,0342/1_02_s.jpg
91,0342/1_03_s.jpg
91,0342/1_04_s.jpg
91,0342/2_01_s.jpg
91,0342/2_02_s.jpg
91,0342/2_03_s.jpg
91,0342/2_04_s.jpg
92,0343/2_04_s.jpg
92,0343/2_03_s.jpg
92,0343/2_02_s.jpg
92,0343/2_01_s.jpg
92,0343/1_02_s.jpg
92,0343/1_03_s.jpg
92,0343/1_04_s.jpg
92,0343/1_01_s.jpg
93,0344/2_01_s.jpg
93,0344/2_04_s.jpg
93,0344/2_03_s.jpg
93,0344/2_02_s.jpg
93,0344/1_04_s.jpg
93,0344/1_02_s.jpg
93,0344/1_01_s.jpg
93,0344/1_03_s.jpg
94,0345/2_03_s.jpg
94,0345/2_02_s.jpg
94,0345/2_01_s.jpg
94,0345/2_04_s.jpg
94,0345/1_03_s.jpg
94,0345/1_02_s.jpg
94,0345/1_01_s.jpg
94,0345/1_04_s.jpg
95,0346/1_01_s.jpg
95,0346/1_02_s.jpg
95,0346/1_03_s.jpg
95,0346/1_04_s.jpg
95,0346/2_01_s.jpg
95,0346/2_02_s.jpg
95,0346/2_03_s.jpg
95,0346/2_04_s.jpg
96,0347/2_02_s.jpg
96,0347/2_03_s.jpg
96,0347/2_01_s.jpg
96,0347/2_04_s.jpg
96,0347/1_03_s.jpg
96,0347/1_02_s.jpg
96,0347/1_01_s.jpg
96,0347/1_04_s.jpg
97,0348/1_01_s.jpg
97,0348/1_02_s.jpg
97,0348/1_03_s.jpg
97,0348/1_04_s.jpg
97,0348/2_01_s.jpg
97,0348/2_02_s.jpg
97,0348/2_03_s.jpg
97,0348/2_04_s.jpg
98,0349/2_04_s.jpg
98,0349/2_03_s.jpg
98,0349/2_02_s.jpg
98,0349/2_01_s.jpg
98,0349/1_04_s.jpg
98,0349/1_02_s.jpg
98,0349/1_01_s.jpg
98,0349/1_03_s.jpg
99,0350/1_01_s.jpg
99,0350/1_02_s.jpg
99,0350/1_03_s.jpg
99,0350/1_04_s.jpg
99,0350/2_01_s.jpg
99,0350/2_02_s.jpg
99,0350/2_03_s.jpg
99,0350/2_04_s.jpg
100,0351/2_02_s.jpg
100,0351/2_03_s.jpg
100,0351/2_01_s.jpg
100,0351/2_04_s.jpg
100,0351/1_03_s.jpg
100,0351/1_01_s.jpg
100,0351/1_04_s.jpg
100,0351/1_02_s.jpg
101,0352/1_01_s.jpg
101,0352/1_02_s.jpg
101,0352/1_03_s.jpg
101,0352/1_04_s.jpg
101,0352/2_01_s.jpg
101,0352/2_02_s.jpg
101,0352/2_03_s.jpg
101,0352/2_04_s.jpg
102,0353/2_02_s.jpg
102,0353/2_04_s.jpg
102,0353/2_03_s.jpg
102,0353/2_01_s.jpg
102,0353/1_04_s.jpg
102,0353/1_03_s.jpg
102,0353/1_02_s.jpg
102,0353/1_01_s.jpg
103,0354/1_01_s.jpg
103,0354/1_02_s.jpg
103,0354/1_03_s.jpg
103,0354/1_04_s.jpg
103,0354/2_01_s.jpg
103,0354/2_02_s.jpg
103,0354/2_03_s.jpg
103,0354/2_04_s.jpg
104,0355/2_03_s.jpg
104,0355/2_02_s.jpg
104,0355/2_01_s.jpg
104,0355/2_04_s.jpg
104,0355/1_04_s.jpg
104,0355/1_02_s.jpg
104,0355/1_01_s.jpg
104,0355/1_03_s.jpg
105,0356/1_01_s.jpg
105,0356/1_02_s.jpg
105,0356/1_03_s.jpg
105,0356/1_04_s.jpg
105,0356/2_01_s.jpg
105,0356/2_02_s.jpg
105,0356/2_03_s.jpg
105,0356/2_04_s.jpg
106,0357/2_04_s.jpg
106,0357/2_03_s.jpg
106,0357/2_02_s.jpg
106,0357/2_01_s.jpg
106,0357/1_04_s.jpg
106,0357/1_02_s.jpg
106,0357/1_01_s.jpg
106,0357/1_03_s.jpg
107,0358/1_01_s.jpg
107,0358/1_02_s.jpg
107,0358/1_03_s.jpg
107,0358/1_04_s.jpg
107,0358/2_01_s.jpg
107,0358/2_02_s.jpg
107,0358/2_03_s.jpg
107,0358/2_04_s.jpg
108,0359/2_02_s.jpg
108,0359/2_03_s.jpg
108,0359/2_01_s.jpg
108,0359/2_04_s.jpg
108,0359/1_03_s.jpg
108,0359/1_01_s.jpg
108,0359/1_04_s.jpg
108,0359/1_02_s.jpg
109,0360/1_01_s.jpg
109,0360/1_02_s.jpg
109,0360/1_03_s.jpg
109,0360/1_04_s.jpg
109,0360/2_01_s.jpg
109,0360/2_02_s.jpg
109,0360/2_03_s.jpg
109,0360/2_04_s.jpg
110,0361/2_02_s.jpg
110,0361/2_04_s.jpg
110,0361/2_03_s.jpg
110,0361/2_01_s.jpg
110,0361/1_04_s.jpg
110,0361/1_03_s.jpg
110,0361/1_02_s.jpg
110,0361/1_01_s.jpg
111,0362/1_01_s.jpg
111,0362/1_02_s.jpg
111,0362/1_03_s.jpg
111,0362/1_04_s.jpg
111,0362/2_01_s.jpg
111,0362/2_02_s.jpg
111,0362/2_03_s.jpg
111,0362/2_04_s.jpg
112,0363/2_03_s.jpg
112,0363/2_02_s.jpg
112,0363/2_04_s.jpg
112,0363/2_01_s.jpg
112,0363/1_04_s.jpg
112,0363/1_03_s.jpg
112,0363/1_02_s.jpg
112,0363/1_01_s.jpg
113,0364/1_01_s.jpg
113,0364/1_02_s.jpg
113,0364/1_03_s.jpg
113,0364/1_04_s.jpg
113,0364/2_01_s.jpg
113,0364/2_02_s.jpg
113,0364/2_03_s.jpg
113,0364/2_04_s.jpg
114,0365/2_04_s.jpg
114,0365/2_03_s.jpg
114,0365/2_02_s.jpg
114,0365/2_01_s.jpg
114,0365/1_03_s.jpg
114,0365/1_02_s.jpg
114,0365/1_01_s.jpg
114,0365/1_04_s.jpg
115,0366/1_01_s.jpg
115,0366/1_02_s.jpg
115,0366/1_03_s.jpg
115,0366/1_04_s.jpg
115,0366/2_01_s.jpg
115,0366/2_02_s.jpg
115,0366/2_03_s.jpg
115,0366/2_04_s.jpg
116,0367/2_01_s.jpg
116,0367/2_03_s.jpg
116,0367/2_02_s.jpg
116,0367/2_04_s.jpg
116,0367/1_04_s.jpg
116,0367/1_02_s.jpg
116,0367/1_03_s.jpg
116,0367/1_01_s.jpg
117,0368/1_01_s.jpg
117,0368/1_02_s.jpg
117,0368/1_03_s.jpg
117,0368/1_04_s.jpg
117,0368/2_01_s.jpg
117,0368/2_02_s.jpg
117,0368/2_03_s.jpg
117,0368/2_04_s.jpg
118,0369/2_02_s.jpg
118,0369/2_04_s.jpg
118,0369/2_03_s.jpg
118,0369/2_01_s.jpg
118,0369/1_03_s.jpg
118,0369/1_02_s.jpg
118,0369/1_01_s.jpg
118,0369/1_04_s.jpg
119,0370/1_01_s.jpg
119,0370/1_02_s.jpg
119,0370/1_03_s.jpg
119,0370/1_04_s.jpg
119,0370/2_01_s.jpg
119,0370/2_02_s.jpg
119,0370/2_03_s.jpg
119,0370/2_04_s.jpg
120,0371/2_01_s.jpg
120,0371/2_03_s.jpg
120,0371/2_02_s.jpg
120,0371/2_04_s.jpg
120,0371/1_04_s.jpg
120,0371/1_02_s.jpg
120,0371/1_01_s.jpg
120,0371/1_03_s.jpg
121,0372/1_01_s.jpg
121,0372/1_02_s.jpg
121,0372/1_03_s.jpg
121,0372/1_04_s.jpg
121,0372/2_01_s.jpg
121,0372/2_02_s.jpg
121,0372/2_03_s.jpg
121,0372/2_04_s.jpg
122,0373/2_04_s.jpg
122,0373/2_03_s.jpg
122,0373/2_02_s.jpg
122,0373/2_01_s.jpg
122,0373/1_04_s.jpg
122,0373/1_02_s.jpg
122,0373/1_01_s.jpg
122,0373/1_03_s.jpg
123,0374/1_01_s.jpg
123,0374/1_02_s.jpg
123,0374/1_03_s.jpg
123,0374/1_04_s.jpg
123,0374/2_01_s.jpg
123,0374/2_02_s.jpg
123,0374/2_03_s.jpg
123,0374/2_04_s.jpg
124,0375/2_02_s.jpg
124,0375/2_03_s.jpg
124,0375/2_01_s.jpg
124,0375/2_04_s.jpg
124,0375/1_03_s.jpg
124,0375/1_02_s.jpg
124,0375/1_01_s.jpg
124,0375/1_04_s.jpg
125,0376/2_03_s.jpg
125,0376/2_02_s.jpg
125,0376/2_01_s.jpg
125,0376/2_04_s.jpg
125,0376/1_03_s.jpg
125,0376/1_02_s.jpg
125,0376/1_01_s.jpg
125,0376/1_04_s.jpg
126,0377/1_01_s.jpg
126,0377/1_02_s.jpg
126,0377/1_03_s.jpg
126,0377/1_04_s.jpg
126,0377/2_01_s.jpg
126,0377/2_02_s.jpg
126,0377/2_03_s.jpg
126,0377/2_04_s.jpg
127,0378/2_02_s.jpg
127,0378/2_03_s.jpg
127,0378/2_01_s.jpg
127,0378/2_04_s.jpg
127,0378/1_03_s.jpg
127,0378/1_02_s.jpg
127,0378/1_01_s.jpg
127,0378/1_04_s.jpg
128,0379/1_01_s.jpg
128,0379/1_02_s.jpg
128,0379/1_03_s.jpg
128,0379/1_04_s.jpg
128,0379/2_01_s.jpg
128,0379/2_02_s.jpg
128,0379/2_03_s.jpg
128,0379/2_04_s.jpg
129,0380/2_04_s.jpg
129,0380/2_03_s.jpg
129,0380/2_02_s.jpg
129,0380/2_01_s.jpg
129,0380/1_04_s.jpg
129,0380/1_02_s.jpg
129,0380/1_01_s.jpg
129,0380/1_03_s.jpg
130,0381/1_01_s.jpg
130,0381/1_02_s.jpg
130,0381/1_03_s.jpg
130,0381/1_04_s.jpg
130,0381/2_01_s.jpg
130,0381/2_02_s.jpg
130,0381/2_03_s.jpg
130,0381/2_04_s.jpg
131,0382/2_02_s.jpg
131,0382/2_03_s.jpg
131,0382/2_01_s.jpg
131,0382/2_04_s.jpg
131,0382/1_03_s.jpg
131,0382/1_01_s.jpg
131,0382/1_04_s.jpg
131,0382/1_02_s.jpg
132,0383/1_01_s.jpg
132,0383/1_02_s.jpg
132,0383/1_03_s.jpg
132,0383/1_04_s.jpg
132,0383/2_01_s.jpg
132,0383/2_02_s.jpg
132,0383/2_03_s.jpg
132,0383/2_04_s.jpg
133,0384/2_02_s.jpg
133,0384/2_04_s.jpg
133,0384/2_03_s.jpg
133,0384/2_01_s.jpg
133,0384/1_04_s.jpg
133,0384/1_03_s.jpg
133,0384/1_02_s.jpg
133,0384/1_01_s.jpg
134,0385/1_01_s.jpg
134,0385/1_02_s.jpg
134,0385/1_03_s.jpg
134,0385/1_04_s.jpg
134,0385/2_01_s.jpg
134,0385/2_02_s.jpg
134,0385/2_03_s.jpg
134,0385/2_04_s.jpg
135,0386/2_03_s.jpg
135,0386/2_02_s.jpg
135,0386/2_01_s.jpg
135,0386/2_04_s.jpg
135,0386/1_04_s.jpg
135,0386/1_02_s.jpg
135,0386/1_01_s.jpg
135,0386/1_03_s.jpg
136,0387/1_01_s.jpg
136,0387/1_02_s.jpg
136,0387/1_03_s.jpg
136,0387/1_04_s.jpg
136,0387/2_01_s.jpg
136,0387/2_02_s.jpg
136,0387/2_03_s.jpg
136,0387/2_04_s.jpg
137,0388/2_04_s.jpg
137,0388/2_03_s.jpg
137,0388/2_02_s.jpg
137,0388/2_01_s.jpg
137,0388/1_04_s.jpg
137,0388/1_02_s.jpg
137,0388/1_01_s.jpg
137,0388/1_03_s.jpg
138,0389/1_01_s.jpg
138,0389/1_02_s.jpg
138,0389/1_03_s.jpg
138,0389/1_04_s.jpg
138,0389/2_01_s.jpg
138,0389/2_02_s.jpg
138,0389/2_03_s.jpg
138,0389/2_04_s.jpg
139,0390/2_02_s.jpg
139,0390/2_03_s.jpg
139,0390/2_01_s.jpg
139,0390/2_04_s.jpg
139,0390/1_03_s.jpg
139,0390/1_01_s.jpg
139,0390/1_04_s.jpg
139,0390/1_02_s.jpg
140,0391/1_01_s.jpg
140,0391/1_02_s.jpg
140,0391/1_03_s.jpg
140,0391/1_04_s.jpg
140,0391/2_01_s.jpg
140,0391/2_02_s.jpg
140,0391/2_03_s.jpg
140,0391/2_04_s.jpg
141,0392/2_02_s.jpg
141,0392/2_04_s.jpg
141,0392/2_03_s.jpg
141,0392/2_01_s.jpg
141,0392/1_04_s.jpg
141,0392/1_03_s.jpg
141,0392/1_02_s.jpg
141,0392/1_01_s.jpg
142,0393/1_01_s.jpg
142,0393/1_02_s.jpg
142,0393/1_03_s.jpg
142,0393/1_04_s.jpg
142,0393/2_01_s.jpg
142,0393/2_02_s.jpg
142,0393/2_03_s.jpg
142,0393/2_04_s.jpg
143,0394/2_03_s.jpg
143,0394/2_02_s.jpg
143,0394/2_04_s.jpg
143,0394/2_01_s.jpg
143,0394/1_04_s.jpg
143,0394/1_03_s.jpg
143,0394/1_02_s.jpg
143,0394/1_01_s.jpg
144,0395/1_01_s.jpg
144,0395/1_02_s.jpg
144,0395/1_03_s.jpg
144,0395/1_04_s.jpg
144,0395/2_01_s.jpg
144,0395/2_02_s.jpg
144,0395/2_03_s.jpg
144,0395/2_04_s.jpg
145,0396/2_04_s.jpg
145,0396/2_03_s.jpg
145,0396/2_02_s.jpg
145,0396/2_01_s.jpg
145,0396/1_03_s.jpg
145,0396/1_02_s.jpg
145,0396/1_01_s.jpg
145,0396/1_04_s.jpg
146,0397/1_01_s.jpg
146,0397/1_02_s.jpg
146,0397/1_03_s.jpg
146,0397/1_04_s.jpg
146,0397/2_01_s.jpg
146,0397/2_02_s.jpg
146,0397/2_03_s.jpg
146,0397/2_04_s.jpg
147,0398/2_01_s.jpg
147,0398/2_03_s.jpg
147,0398/2_02_s.jpg
147,0398/2_04_s.jpg
147,0398/1_04_s.jpg
147,0398/1_02_s.jpg
147,0398/1_03_s.jpg
147,0398/1_01_s.jpg
148,0399/1_01_s.jpg
148,0399/1_02_s.jpg
148,0399/1_03_s.jpg
148,0399/1_04_s.jpg
148,0399/2_01_s.jpg
148,0399/2_02_s.jpg
148,0399/2_03_s.jpg
148,0399/2_04_s.jpg
149,0400/2_02_s.jpg
149,0400/2_04_s.jpg
149,0400/2_03_s.jpg
149,0400/2_01_s.jpg
149,0400/1_03_s.jpg
149,0400/1_02_s.jpg
149,0400/1_01_s.jpg
149,0400/1_04_s.jpg
150,0401/1_01_s.jpg
150,0401/1_02_s.jpg
150,0401/1_03_s.jpg
150,0401/1_04_s.jpg
150,0401/2_01_s.jpg
150,0401/2_02_s.jpg
150,0401/2_03_s.jpg
150,0401/2_04_s.jpg
151,0402/2_01_s.jpg
151,0402/2_03_s.jpg
151,0402/2_02_s.jpg
151,0402/2_04_s.jpg
151,0402/1_04_s.jpg
151,0402/1_02_s.jpg
151,0402/1_01_s.jpg
151,0402/1_03_s.jpg
152,0403/1_01_s.jpg
152,0403/1_02_s.jpg
152,0403/1_03_s.jpg
152,0403/1_04_s.jpg
152,0403/2_01_s.jpg
152,0403/2_02_s.jpg
152,0403/2_03_s.jpg
152,0403/2_04_s.jpg
153,0404/2_04_s.jpg
153,0404/2_03_s.jpg
153,0404/2_02_s.jpg
153,0404/2_01_s.jpg
153,0404/1_04_s.jpg
153,0404/1_02_s.jpg
153,0404/1_01_s.jpg
153,0404/1_03_s.jpg
154,0405/1_01_s.jpg
154,0405/1_02_s.jpg
154,0405/1_03_s.jpg
154,0405/1_04_s.jpg
154,0405/2_01_s.jpg
154,0405/2_02_s.jpg
154,0405/2_03_s.jpg
154,0405/2_04_s.jpg
155,0406/2_02_s.jpg
155,0406/2_03_s.jpg
155,0406/2_01_s.jpg
155,0406/2_04_s.jpg
155,0406/1_03_s.jpg
155,0406/1_01_s.jpg
155,0406/1_04_s.jpg
155,0406/1_02_s.jpg
156,0407/1_01_s.jpg
156,0407/1_02_s.jpg
156,0407/1_03_s.jpg
156,0407/1_04_s.jpg
156,0407/2_01_s.jpg
156,0407/2_02_s.jpg
156,0407/2_03_s.jpg
156,0407/2_04_s.jpg
157,0408/2_02_s.jpg
157,0408/2_04_s.jpg
157,0408/2_03_s.jpg
157,0408/2_01_s.jpg
157,0408/1_04_s.jpg
157,0408/1_03_s.jpg
157,0408/1_02_s.jpg
157,0408/1_01_s.jpg
158,0409/1_01_s.jpg
158,0409/1_02_s.jpg
158,0409/1_03_s.jpg
158,0409/1_04_s.jpg
158,0409/2_01_s.jpg
158,0409/2_02_s.jpg
158,0409/2_03_s.jpg
158,0409/2_04_s.jpg
159,0410/2_03_s.jpg
159,0410/2_02_s.jpg
159,0410/2_04_s.jpg
159,0410/2_01_s.jpg
159,0410/1_04_s.jpg
159,0410/1_03_s.jpg
159,0410/1_02_s.jpg
159,0410/1_01_s.jpg
160,0411/1_01_s.jpg
160,0411/1_02_s.jpg
160,0411/1_03_s.jpg
160,0411/1_04_s.jpg
160,0411/2_01_s.jpg
160,0411/2_02_s.jpg
160,0411/2_03_s.jpg
160,0411/2_04_s.jpg
161,0412/2_04_s.jpg
161,0412/2_03_s.jpg
161,0412/2_02_s.jpg
161,0412/2_01_s.jpg
161,0412/1_03_s.jpg
161,0412/1_02_s.jpg
161,0412/1_01_s.jpg
161,0412/1_04_s.jpg
162,0413/2_04_s.jpg
162,0413/1_01_s.jpg
162,0413/1_02_s.jpg
162,0413/1_03_s.jpg
162,0413/1_04_s.jpg
162,0413/2_01_s.jpg
162,0413/2_02_s.jpg
162,0413/2_03_s.jpg
163,0414/2_03_s.jpg
163,0414/2_02_s.jpg
163,0414/2_04_s.jpg
163,0414/2_01_s.jpg
163,0414/1_04_s.jpg
163,0414/1_03_s.jpg
163,0414/1_02_s.jpg
163,0414/1_01_s.jpg
164,0415/1_01_s.jpg
164,0415/1_02_s.jpg
164,0415/1_03_s.jpg
164,0415/1_04_s.jpg
164,0415/2_01_s.jpg
164,0415/2_02_s.jpg
164,0415/2_03_s.jpg
164,0415/2_04_s.jpg
165,0416/2_04_s.jpg
165,0416/2_03_s.jpg
165,0416/2_02_s.jpg
165,0416/2_01_s.jpg
165,0416/1_04_s.jpg
165,0416/1_03_s.jpg
165,0416/1_02_s.jpg
165,0416/1_01_s.jpg
166,0417/1_01_s.jpg
166,0417/1_02_s.jpg
166,0417/1_03_s.jpg
166,0417/1_04_s.jpg
166,0417/2_01_s.jpg
166,0417/2_02_s.jpg
166,0417/2_03_s.jpg
166,0417/2_04_s.jpg
167,0418/2_04_s.jpg
167,0418/2_03_s.jpg
167,0418/2_02_s.jpg
167,0418/2_01_s.jpg
167,0418/1_03_s.jpg
167,0418/1_02_s.jpg
167,0418/1_01_s.jpg
167,0418/1_04_s.jpg
168,0419/1_01_s.jpg
168,0419/1_02_s.jpg
168,0419/1_03_s.jpg
168,0419/1_04_s.jpg
168,0419/2_01_s.jpg
168,0419/2_02_s.jpg
168,0419/2_03_s.jpg
168,0419/2_04_s.jpg
169,0420/1_04_s.jpg
169,0420/2_04_s.jpg
169,0420/2_03_s.jpg
169,0420/2_02_s.jpg
169,0420/1_03_s.jpg
169,0420/1_02_s.jpg
169,0420/1_01_s.jpg
169,0420/2_01_s.jpg
170,0421/2_04_s.jpg
170,0421/1_01_s.jpg
170,0421/1_02_s.jpg
170,0421/1_03_s.jpg
170,0421/1_04_s.jpg
170,0421/2_01_s.jpg
170,0421/2_02_s.jpg
170,0421/2_03_s.jpg
171,0422/2_02_s.jpg
171,0422/2_01_s.jpg
171,0422/2_03_s.jpg
171,0422/2_04_s.jpg
171,0422/1_04_s.jpg
171,0422/1_02_s.jpg
171,0422/1_03_s.jpg
171,0422/1_01_s.jpg
172,0423/1_01_s.jpg
172,0423/1_02_s.jpg
172,0423/1_03_s.jpg
172,0423/1_04_s.jpg
172,0423/2_01_s.jpg
172,0423/2_02_s.jpg
172,0423/2_03_s.jpg
172,0423/2_04_s.jpg
173,0424/2_04_s.jpg
173,0424/2_03_s.jpg
173,0424/2_01_s.jpg
173,0424/2_02_s.jpg
173,0424/1_03_s.jpg
173,0424/1_02_s.jpg
173,0424/1_01_s.jpg
173,0424/1_04_s.jpg
174,0425/1_01_s.jpg
174,0425/1_02_s.jpg
174,0425/1_03_s.jpg
174,0425/1_04_s.jpg
174,0425/2_01_s.jpg
174,0425/2_02_s.jpg
174,0425/2_03_s.jpg
174,0425/2_04_s.jpg
175,0426/2_02_s.jpg
175,0426/2_04_s.jpg
175,0426/2_03_s.jpg
175,0426/2_01_s.jpg
175,0426/1_04_s.jpg
175,0426/1_03_s.jpg
175,0426/1_02_s.jpg
175,0426/1_01_s.jpg
176,0427/1_01_s.jpg
176,0427/1_02_s.jpg
176,0427/1_03_s.jpg
176,0427/1_04_s.jpg
176,0427/2_01_s.jpg
176,0427/2_02_s.jpg
176,0427/2_03_s.jpg
176,0427/2_04_s.jpg
177,0428/2_04_s.jpg
177,0428/2_03_s.jpg
177,0428/2_02_s.jpg
177,0428/2_01_s.jpg
177,0428/1_04_s.jpg
177,0428/1_03_s.jpg
177,0428/1_02_s.jpg
177,0428/1_01_s.jpg
178,0429/1_01_s.jpg
178,0429/1_02_s.jpg
178,0429/1_03_s.jpg
178,0429/1_04_s.jpg
178,0429/2_01_s.jpg
178,0429/2_02_s.jpg
178,0429/2_03_s.jpg
178,0429/2_04_s.jpg
179,0430/2_03_s.jpg
179,0430/2_02_s.jpg
179,0430/2_04_s.jpg
179,0430/2_01_s.jpg
179,0430/1_03_s.jpg
179,0430/1_01_s.jpg
179,0430/1_04_s.jpg
179,0430/1_02_s.jpg
180,0431/1_01_s.jpg
180,0431/1_02_s.jpg
180,0431/1_03_s.jpg
180,0431/1_04_s.jpg
180,0431/2_01_s.jpg
180,0431/2_02_s.jpg
180,0431/2_03_s.jpg
180,0431/2_04_s.jpg
181,0432/2_02_s.jpg
181,0432/2_04_s.jpg
181,0432/2_03_s.jpg
181,0432/2_01_s.jpg
181,0432/1_04_s.jpg
181,0432/1_03_s.jpg
181,0432/1_02_s.jpg
181,0432/1_01_s.jpg
182,0433/1_01_s.jpg
182,0433/1_02_s.jpg
182,0433/1_03_s.jpg
182,0433/1_04_s.jpg
182,0433/2_01_s.jpg
182,0433/2_02_s.jpg
182,0433/2_03_s.jpg
182,0433/2_04_s.jpg
183,0434/2_03_s.jpg
183,0434/2_02_s.jpg
183,0434/2_01_s.jpg
183,0434/2_04_s.jpg
183,0434/1_04_s.jpg
183,0434/1_02_s.jpg
183,0434/1_01_s.jpg
183,0434/1_03_s.jpg
184,0435/1_01_s.jpg
184,0435/1_02_s.jpg
184,0435/1_03_s.jpg
184,0435/1_04_s.jpg
184,0435/2_01_s.jpg
184,0435/2_02_s.jpg
184,0435/2_03_s.jpg
184,0435/2_04_s.jpg
185,0436/2_04_s.jpg
185,0436/2_03_s.jpg
185,0436/2_02_s.jpg
185,0436/2_01_s.jpg
185,0436/1_03_s.jpg
185,0436/1_02_s.jpg
185,0436/1_01_s.jpg
185,0436/1_04_s.jpg
186,0437/1_01_s.jpg
186,0437/1_02_s.jpg
186,0437/1_03_s.jpg
186,0437/1_04_s.jpg
186,0437/2_01_s.jpg
186,0437/2_02_s.jpg
186,0437/2_03_s.jpg
186,0437/2_04_s.jpg
187,0438/2_02_s.jpg
187,0438/2_03_s.jpg
187,0438/2_04_s.jpg
187,0438/2_01_s.jpg
187,0438/1_02_s.jpg
187,0438/1_03_s.jpg
187,0438/1_01_s.jpg
187,0438/1_04_s.jpg
188,0439/2_03_s.jpg
188,0439/2_02_s.jpg
188,0439/2_01_s.jpg
188,0439/2_04_s.jpg
188,0439/1_03_s.jpg
188,0439/1_02_s.jpg
188,0439/1_01_s.jpg
188,0439/1_04_s.jpg
189,0440/1_01_s.jpg
189,0440/1_02_s.jpg
189,0440/1_03_s.jpg
189,0440/1_04_s.jpg
189,0440/2_01_s.jpg
189,0440/2_02_s.jpg
189,0440/2_03_s.jpg
189,0440/2_04_s.jpg
190,0441/2_02_s.jpg
190,0441/2_03_s.jpg
190,0441/2_01_s.jpg
190,0441/2_04_s.jpg
190,0441/1_03_s.jpg
190,0441/1_02_s.jpg
190,0441/1_01_s.jpg
190,0441/1_04_s.jpg
191,0442/1_01_s.jpg
191,0442/1_02_s.jpg
191,0442/1_03_s.jpg
191,0442/1_04_s.jpg
191,0442/2_01_s.jpg
191,0442/2_02_s.jpg
191,0442/2_03_s.jpg
191,0442/2_04_s.jpg
192,0443/2_04_s.jpg
192,0443/2_03_s.jpg
192,0443/2_02_s.jpg
192,0443/2_01_s.jpg
192,0443/1_04_s.jpg
192,0443/1_02_s.jpg
192,0443/1_01_s.jpg
192,0443/1_03_s.jpg
193,0444/1_01_s.jpg
193,0444/1_02_s.jpg
193,0444/1_03_s.jpg
193,0444/1_04_s.jpg
193,0444/2_01_s.jpg
193,0444/2_02_s.jpg
193,0444/2_03_s.jpg
193,0444/2_04_s.jpg
194,0445/2_02_s.jpg
194,0445/2_03_s.jpg
194,0445/2_01_s.jpg
194,0445/2_04_s.jpg
194,0445/1_03_s.jpg
194,0445/1_01_s.jpg
194,0445/1_04_s.jpg
194,0445/1_02_s.jpg
195,0446/1_01_s.jpg
195,0446/1_02_s.jpg
195,0446/1_03_s.jpg
195,0446/1_04_s.jpg
195,0446/2_01_s.jpg
195,0446/2_02_s.jpg
195,0446/2_03_s.jpg
195,0446/2_04_s.jpg
196,0447/2_02_s.jpg
196,0447/2_04_s.jpg
196,0447/2_03_s.jpg
196,0447/2_01_s.jpg
196,0447/1_04_s.jpg
196,0447/1_03_s.jpg
196,0447/1_02_s.jpg
196,0447/1_01_s.jpg
197,0448/1_01_s.jpg
197,0448/1_02_s.jpg
197,0448/1_03_s.jpg
197,0448/1_04_s.jpg
197,0448/2_01_s.jpg
197,0448/2_02_s.jpg
197,0448/2_03_s.jpg
197,0448/2_04_s.jpg
198,0449/2_03_s.jpg
198,0449/2_02_s.jpg
198,0449/2_01_s.jpg
198,0449/2_04_s.jpg
198,0449/1_04_s.jpg
198,0449/1_02_s.jpg
198,0449/1_01_s.jpg
198,0449/1_03_s.jpg
199,0450/1_01_s.jpg
199,0450/1_02_s.jpg
199,0450/1_03_s.jpg
199,0450/1_04_s.jpg
199,0450/2_01_s.jpg
199,0450/2_02_s.jpg
199,0450/2_03_s.jpg
199,0450/2_04_s.jpg
200,0451/2_04_s.jpg
200,0451/2_03_s.jpg
200,0451/2_02_s.jpg
200,0451/2_01_s.jpg
200,0451/1_04_s.jpg
200,0451/1_02_s.jpg
200,0451/1_01_s.jpg
200,0451/1_03_s.jpg
201,0452/1_01_s.jpg
201,0452/1_02_s.jpg
201,0452/1_03_s.jpg
201,0452/1_04_s.jpg
201,0452/2_01_s.jpg
201,0452/2_02_s.jpg
201,0452/2_03_s.jpg
201,0452/2_04_s.jpg
202,0453/2_02_s.jpg
202,0453/2_03_s.jpg
202,0453/2_01_s.jpg
202,0453/2_04_s.jpg
202,0453/1_03_s.jpg
202,0453/1_01_s.jpg
202,0453/1_04_s.jpg
202,0453/1_02_s.jpg
203,0454/1_01_s.jpg
203,0454/1_02_s.jpg
203,0454/1_03_s.jpg
203,0454/1_04_s.jpg
203,0454/2_01_s.jpg
203,0454/2_02_s.jpg
203,0454/2_03_s.jpg
203,0454/2_04_s.jpg
204,0455/2_02_s.jpg
204,0455/2_04_s.jpg
204,0455/2_03_s.jpg
204,0455/2_01_s.jpg
204,0455/1_04_s.jpg
204,0455/1_03_s.jpg
204,0455/1_02_s.jpg
204,0455/1_01_s.jpg
205,0456/1_01_s.jpg
205,0456/1_02_s.jpg
205,0456/1_03_s.jpg
205,0456/1_04_s.jpg
205,0456/2_01_s.jpg
205,0456/2_02_s.jpg
205,0456/2_03_s.jpg
205,0456/2_04_s.jpg
206,0457/2_03_s.jpg
206,0457/2_02_s.jpg
206,0457/2_04_s.jpg
206,0457/2_01_s.jpg
206,0457/1_04_s.jpg
206,0457/1_03_s.jpg
206,0457/1_02_s.jpg
206,0457/1_01_s.jpg
207,0458/1_01_s.jpg
207,0458/1_02_s.jpg
207,0458/1_03_s.jpg
207,0458/1_04_s.jpg
207,0458/2_01_s.jpg
207,0458/2_02_s.jpg
207,0458/2_03_s.jpg
207,0458/2_04_s.jpg
208,0459/2_04_s.jpg
208,0459/2_03_s.jpg
208,0459/2_02_s.jpg
208,0459/2_01_s.jpg
208,0459/1_03_s.jpg
208,0459/1_02_s.jpg
208,0459/1_01_s.jpg
208,0459/1_04_s.jpg
209,0460/1_01_s.jpg
209,0460/1_02_s.jpg
209,0460/1_03_s.jpg
209,0460/1_04_s.jpg
209,0460/2_01_s.jpg
209,0460/2_02_s.jpg
209,0460/2_03_s.jpg
209,0460/2_04_s.jpg
210,0461/2_01_s.jpg
210,0461/2_03_s.jpg
210,0461/2_02_s.jpg
210,0461/2_04_s.jpg
210,0461/1_04_s.jpg
210,0461/1_02_s.jpg
210,0461/1_03_s.jpg
210,0461/1_01_s.jpg
211,0462/1_01_s.jpg
211,0462/1_02_s.jpg
211,0462/1_03_s.jpg
211,0462/1_04_s.jpg
211,0462/2_01_s.jpg
211,0462/2_02_s.jpg
211,0462/2_03_s.jpg
211,0462/2_04_s.jpg
212,0463/2_02_s.jpg
212,0463/2_04_s.jpg
212,0463/2_03_s.jpg
212,0463/2_01_s.jpg
212,0463/1_03_s.jpg
212,0463/1_02_s.jpg
212,0463/1_01_s.jpg
212,0463/1_04_s.jpg
213,0464/1_01_s.jpg
213,0464/1_02_s.jpg
213,0464/1_03_s.jpg
213,0464/1_04_s.jpg
213,0464/2_01_s.jpg
213,0464/2_02_s.jpg
213,0464/2_03_s.jpg
213,0464/2_04_s.jpg
214,0465/2_01_s.jpg
214,0465/2_03_s.jpg
214,0465/2_02_s.jpg
214,0465/2_04_s.jpg
214,0465/1_04_s.jpg
214,0465/1_02_s.jpg
214,0465/1_01_s.jpg
214,0465/1_03_s.jpg
215,0466/1_01_s.jpg
215,0466/1_02_s.jpg
215,0466/1_03_s.jpg
215,0466/1_04_s.jpg
215,0466/2_01_s.jpg
215,0466/2_02_s.jpg
215,0466/2_03_s.jpg
215,0466/2_04_s.jpg
216,0467/2_04_s.jpg
216,0467/2_03_s.jpg
216,0467/2_02_s.jpg
216,0467/2_01_s.jpg
216,0467/1_04_s.jpg
216,0467/1_02_s.jpg
216,0467/1_01_s.jpg
216,0467/1_03_s.jpg
217,0468/1_01_s.jpg
217,0468/1_02_s.jpg
217,0468/1_03_s.jpg
217,0468/1_04_s.jpg
217,0468/2_01_s.jpg
217,0468/2_02_s.jpg
217,0468/2_03_s.jpg
217,0468/2_04_s.jpg
218,0469/2_02_s.jpg
218,0469/2_04_s.jpg
218,0469/2_01_s.jpg
218,0469/2_03_s.jpg
218,0469/1_03_s.jpg
218,0469/1_02_s.jpg
218,0469/1_01_s.jpg
218,0469/1_04_s.jpg
219,0470/1_01_s.jpg
219,0470/1_02_s.jpg
219,0470/1_03_s.jpg
219,0470/1_04_s.jpg
219,0470/2_01_s.jpg
219,0470/2_02_s.jpg
219,0470/2_03_s.jpg
219,0470/2_04_s.jpg
220,0471/2_04_s.jpg
220,0471/2_03_s.jpg
220,0471/2_02_s.jpg
220,0471/2_01_s.jpg
220,0471/1_04_s.jpg
220,0471/1_03_s.jpg
220,0471/1_02_s.jpg
220,0471/1_01_s.jpg
221,0472/1_01_s.jpg
221,0472/1_02_s.jpg
221,0472/1_03_s.jpg
221,0472/1_04_s.jpg
221,0472/2_01_s.jpg
221,0472/2_02_s.jpg
221,0472/2_03_s.jpg
221,0472/2_04_s.jpg
222,0473/2_04_s.jpg
222,0473/2_03_s.jpg
222,0473/2_02_s.jpg
222,0473/2_01_s.jpg
222,0473/1_04_s.jpg
222,0473/1_03_s.jpg
222,0473/1_02_s.jpg
222,0473/1_01_s.jpg
223,0474/1_01_s.jpg
223,0474/1_02_s.jpg
223,0474/1_03_s.jpg
223,0474/1_04_s.jpg
223,0474/2_01_s.jpg
223,0474/2_02_s.jpg
223,0474/2_03_s.jpg
223,0474/2_04_s.jpg
224,0475/2_04_s.jpg
224,0475/2_03_s.jpg
224,0475/2_02_s.jpg
224,0475/2_01_s.jpg
224,0475/1_03_s.jpg
224,0475/1_02_s.jpg
224,0475/1_01_s.jpg
224,0475/1_04_s.jpg
225,0476/1_01_s.jpg
225,0476/1_02_s.jpg
225,0476/1_03_s.jpg
225,0476/1_04_s.jpg
225,0476/2_01_s.jpg
225,0476/2_02_s.jpg
225,0476/2_03_s.jpg
225,0476/2_04_s.jpg
226,0477/2_02_s.jpg
226,0477/2_04_s.jpg
226,0477/2_03_s.jpg
226,0477/2_01_s.jpg
226,0477/1_04_s.jpg
226,0477/1_03_s.jpg
226,0477/1_02_s.jpg
226,0477/1_01_s.jpg
227,0478/1_01_s.jpg
227,0478/1_02_s.jpg
227,0478/1_03_s.jpg
227,0478/1_04_s.jpg
227,0478/2_01_s.jpg
227,0478/2_02_s.jpg
227,0478/2_03_s.jpg
227,0478/2_04_s.jpg
228,0479/2_04_s.jpg
228,0479/2_03_s.jpg
228,0479/2_02_s.jpg
228,0479/2_01_s.jpg
228,0479/1_04_s.jpg
228,0479/1_03_s.jpg
228,0479/1_02_s.jpg
228,0479/1_01_s.jpg
229,0480/1_01_s.jpg
229,0480/1_02_s.jpg
229,0480/1_03_s.jpg
229,0480/1_04_s.jpg
229,0480/2_01_s.jpg
229,0480/2_02_s.jpg
229,0480/2_03_s.jpg
229,0480/2_04_s.jpg
230,0481/2_04_s.jpg
230,0481/2_03_s.jpg
230,0481/2_02_s.jpg
230,0481/2_01_s.jpg
230,0481/1_03_s.jpg
230,0481/1_02_s.jpg
230,0481/1_01_s.jpg
230,0481/1_04_s.jpg
231,0482/1_01_s.jpg
231,0482/1_02_s.jpg
231,0482/1_03_s.jpg
231,0482/1_04_s.jpg
231,0482/2_01_s.jpg
231,0482/2_02_s.jpg
231,0482/2_03_s.jpg
231,0482/2_04_s.jpg
232,0483/1_04_s.jpg
232,0483/2_04_s.jpg
232,0483/2_03_s.jpg
232,0483/2_02_s.jpg
232,0483/1_03_s.jpg
232,0483/1_02_s.jpg
232,0483/1_01_s.jpg
232,0483/2_01_s.jpg
233,0484/2_04_s.jpg
233,0484/1_01_s.jpg
233,0484/1_02_s.jpg
233,0484/1_03_s.jpg
233,0484/1_04_s.jpg
233,0484/2_01_s.jpg
233,0484/2_02_s.jpg
233,0484/2_03_s.jpg
234,0485/2_04_s.jpg
234,0485/2_02_s.jpg
234,0485/2_03_s.jpg
234,0485/2_01_s.jpg
234,0485/1_02_s.jpg
234,0485/1_03_s.jpg
234,0485/1_04_s.jpg
234,0485/1_01_s.jpg
235,0486/1_01_s.jpg
235,0486/1_02_s.jpg
235,0486/1_03_s.jpg
235,0486/1_04_s.jpg
235,0486/2_01_s.jpg
235,0486/2_02_s.jpg
235,0486/2_03_s.jpg
235,0486/2_04_s.jpg
236,0487/2_01_s.jpg
236,0487/2_04_s.jpg
236,0487/2_03_s.jpg
236,0487/2_02_s.jpg
236,0487/1_04_s.jpg
236,0487/1_03_s.jpg
236,0487/1_02_s.jpg
236,0487/1_01_s.jpg
237,0488/1_01_s.jpg
237,0488/1_02_s.jpg
237,0488/1_03_s.jpg
237,0488/1_04_s.jpg
237,0488/2_01_s.jpg
237,0488/2_02_s.jpg
237,0488/2_03_s.jpg
237,0488/2_04_s.jpg
238,0489/2_03_s.jpg
238,0489/2_02_s.jpg
238,0489/2_04_s.jpg
238,0489/2_01_s.jpg
238,0489/1_03_s.jpg
238,0489/1_02_s.jpg
238,0489/1_01_s.jpg
238,0489/1_04_s.jpg
239,0490/1_01_s.jpg
239,0490/1_02_s.jpg
239,0490/1_03_s.jpg
239,0490/1_04_s.jpg
239,0490/2_01_s.jpg
239,0490/2_02_s.jpg
239,0490/2_03_s.jpg
239,0490/2_04_s.jpg
240,0491/2_04_s.jpg
240,0491/2_03_s.jpg
240,0491/2_02_s.jpg
240,0491/2_01_s.jpg
240,0491/1_04_s.jpg
240,0491/1_02_s.jpg
240,0491/1_01_s.jpg
240,0491/1_03_s.jpg
241,0492/1_01_s.jpg
241,0492/1_02_s.jpg
241,0492/1_03_s.jpg
241,0492/1_04_s.jpg
241,0492/2_01_s.jpg
241,0492/2_02_s.jpg
241,0492/2_03_s.jpg
241,0492/2_04_s.jpg
242,0493/2_04_s.jpg
242,0493/2_03_s.jpg
242,0493/2_02_s.jpg
242,0493/2_01_s.jpg
242,0493/1_03_s.jpg
242,0493/1_02_s.jpg
242,0493/1_01_s.jpg
242,0493/1_04_s.jpg
243,0494/1_01_s.jpg
243,0494/1_02_s.jpg
243,0494/1_03_s.jpg
243,0494/1_04_s.jpg
243,0494/2_01_s.jpg
243,0494/2_02_s.jpg
243,0494/2_03_s.jpg
243,0494/2_04_s.jpg
244,0495/2_04_s.jpg
244,0495/2_03_s.jpg
244,0495/2_02_s.jpg
244,0495/2_01_s.jpg
244,0495/1_03_s.jpg
244,0495/1_02_s.jpg
244,0495/1_01_s.jpg
244,0495/1_04_s.jpg
245,0496/1_01_s.jpg
245,0496/1_02_s.jpg
245,0496/1_03_s.jpg
245,0496/1_04_s.jpg
245,0496/2_01_s.jpg
245,0496/2_02_s.jpg
245,0496/2_03_s.jpg
245,0496/2_04_s.jpg
246,0497/2_04_s.jpg
246,0497/2_03_s.jpg
246,0497/2_02_s.jpg
246,0497/2_01_s.jpg
246,0497/1_03_s.jpg
246,0497/1_02_s.jpg
246,0497/1_01_s.jpg
246,0497/1_04_s.jpg
247,0498/1_01_s.jpg
247,0498/1_02_s.jpg
247,0498/1_03_s.jpg
247,0498/1_04_s.jpg
247,0498/2_01_s.jpg
247,0498/2_02_s.jpg
247,0498/2_03_s.jpg
247,0498/2_04_s.jpg
248,0499/2_04_s.jpg
248,0499/2_03_s.jpg
248,0499/2_02_s.jpg
248,0499/2_01_s.jpg
248,0499/1_03_s.jpg
248,0499/1_02_s.jpg
248,0499/1_01_s.jpg
248,0499/1_04_s.jpg
249,0500/2_03_s.jpg
249,0500/1_01_s.jpg
249,0500/1_02_s.jpg
249,0500/1_03_s.jpg
249,0500/1_04_s.jpg
249,0500/2_01_s.jpg
249,0500/2_02_s.jpg
249,0500/2_04_s.jpg
